text,label,label_quality_score,is_label_issue,pred_prob_normal,pred_prob_smishing
너희들 벌써 학교에 가니?,1,0.0077519785,True,0.99224806,0.0077519785
나중에 아이스크림?,1,0.007755739,True,0.9922443,0.007755739
지금 집에 가는데.,1,0.007760793,True,0.99223924,0.007760793
ㅋㅋㅋ 그 밈이 딱 맞았어! ??,1,0.0077611017,True,0.9922389,0.0077611017
ㅋㅋㅋ 이해하는데 너무 오래걸림,1,0.007763147,True,0.9922368,0.007763147
우리 반 모두가 마인드맵을 건네줬나요?,1,0.0077650314,True,0.99223495,0.0077650314
ㅋㅋㅋ 다 끌어당겨!,1,0.0077744317,True,0.9922255,0.0077744317
그러면 밤에는 몇 시쯤 끝나나요?,1,0.0077745453,True,0.9922254,0.0077745453
야 라바는 어때?,1,0.007779255,True,0.9922207,0.007779255
나 언제쯤 우리 농장에 가볼 거야,1,0.0077802194,True,0.9922198,0.0077802194
어디로 갔나요?,1,0.007781961,True,0.992218,0.007781961
NAME?,1,0.007782889,True,0.99221706,0.007782889
NAME?,1,0.007782889,True,0.99221706,0.007782889
NAME?,1,0.007782889,True,0.99221706,0.007782889
NAME?,1,0.007782889,True,0.99221706,0.007782889
NAME?,1,0.007782889,True,0.99221706,0.007782889
NAME?,1,0.007782889,True,0.99221706,0.007782889
그 사람이 이미 폴리를 졸업한 줄 알았는데?,1,0.007784524,True,0.99221545,0.007784524
그럼 일은 어때요?,1,0.0077853785,True,0.9922146,0.0077853785
나는 당구장에 있어요,1,0.0077887014,True,0.99221134,0.0077887014
라켓을 찾았나요?,1,0.007793188,True,0.9922069,0.007793188
마찬 포장지 가져왔어,1,0.007796049,True,0.99220395,0.007796049
우리 집에서 마작을 하네 친구.,1,0.007798809,True,0.9922012,0.007798809
도달했나요?,1,0.007803231,True,0.9921968,0.007803231
당신의 식당은 무엇입니까? 집이나 거기에서 드시나요?,1,0.007806085,True,0.99219394,0.007806085
우리는 휴게실 뒤에 앉아 있습니다.... 그 도랑,1,0.0078079207,True,0.9921921,0.0078079207
뭐? 잘못된 사람에게 보냈나요?,1,0.007827471,True,0.9921725,0.007827471
얼마나 더 걸릴까요? 이제 어느 역에서요?,1,0.007830509,True,0.99216956,0.007830509
응 괜찮을 거야.,1,0.007831046,True,0.99216896,0.007831046
하하하하 사진이 많이 없네요 ㅋㅋㅋ,1,0.007836564,True,0.9921634,0.007836564
그게 어디야?,1,0.0078375945,True,0.9921624,0.0078375945
우리 3명은 버스를 타야 해요.,1,0.007840955,True,0.992159,0.007840955
K..왜요?,1,0.007842205,True,0.9921578,0.007842205
장난꾸러기야...,1,0.007848837,True,0.99215114,0.007848837
알았어... 시도해 볼게... 존은 사용하지 않았지만...,1,0.007849067,True,0.9921509,0.007849067
알아요! 그런데 그때쯤!,1,0.007850625,True,0.99214935,0.007850625
"맙소사, 정말 대단해요! ??",1,0.007851403,True,0.9921485,0.007851403
어 3/4 같군요 ㅋㅋㅋ 스튜어트 만날 때 아.,1,0.0078601865,True,0.9921399,0.0078601865
5분 안에 집에 도착해요.,1,0.007861618,True,0.9921383,0.007861618
너희들과 어울리고 싶어! 정말 대단할 거예요.,1,0.00786813,True,0.9921319,0.00786813
알겠습니다.. 로즈도 오나요? 거기로 가는 방법?,1,0.007870464,True,0.9921295,0.007870464
그렇죠 그런데 와 당신 정말 멀리까지 스윙할 수 있군요,1,0.007882493,True,0.9921176,0.007882493
아니... 일단은 쉬어갈까 생각중 b4 하나 찾아보는데...,1,0.0078833755,True,0.99211663,0.0078833755
하지만 돌아오겠다고 약속했잖아! 넌 어떻게 할 수 있어???,1,0.007883984,True,0.99211603,0.007883984
가는 길에 도착하면 전화해,1,0.007888632,True,0.9921113,0.007888632
나 지금 집에 있어,1,0.007896403,True,0.9921036,0.007896403
하하 야 로... nvm 1시에 자려고 그럼... 와 와 ! 또 다른 대접을 받을까 ㅋㅋㅋ...,1,0.007896855,True,0.99210316,0.007896855
왓! 체육관 때 수요일,1,0.007902655,True,0.9920974,0.007902655
뭐 때문에 스트레스를 받았나요? 왜 그래 시안?,1,0.007902759,True,0.99209726,0.007902759
아. 집행유예는 아닌데.. 그런데 왜 수요일까지는 안되나요?,1,0.0079231905,True,0.9920769,0.0079231905
오렌지색 펜과 핫핑크색 펜이 있나요?,1,0.007927664,True,0.9920724,0.007927664
"아,. 알았어.. 그럼 나가서 다 지에를 데려올래? 하하",1,0.007927697,True,0.9920723,0.007927697
무엇??? 잠자리에 들었나요?,1,0.007930967,True,0.992069,0.007930967
하하하 비비안과 함께 비밀 기지를 노래해요ㅋㅋㅋ,1,0.007940882,True,0.9920591,0.007940882
나 그냥 카페에 들러서 CD를 인쇄해,1,0.007946117,True,0.99205387,0.007946117
무엇을 보내야 하나요?,1,0.007967707,True,0.9920323,0.007967707
기회가 생기면 말해주세요. 하하.,1,0.007972785,True,0.9920272,0.007972785
"흠.... 대부분 옷과 액세서리죠... 하하, 여자들이 살 수 있는 게 또 뭐죠...",1,0.007974728,True,0.99202526,0.007974728
ㅋㅋㅋ 와 내가 정말 스토커라면 다 누군가 덕분이야 에.,1,0.007974901,True,0.99202514,0.007974901
? 확인됐다는 뜻이야... 오니라고 말할 것 같은데... 알았어...,1,0.007982306,True,0.99201775,0.007982306
지금 TV를 보고 있어요.. 당신?,1,0.0079833185,True,0.9920167,0.0079833185
진짜 시작하자,1,0.008014965,True,0.99198496,0.008014965
거기까지 끝났어...,1,0.0080189705,True,0.991981,0.0080189705
맥은 또 나 없이 항상 먹잖아... 너 정말 끔찍해... 넌 내가 하나도 그리워하지 않아... 너무 끔찍해...,1,0.008026339,True,0.99197364,0.008026339
나도 몰라. 인디 모닝 틸 2 플러스,1,0.0080389995,True,0.99196094,0.0080389995
ㅋㅋㅋ 아직도 잠이 안 와요. 영화를 보는 중,1,0.008041011,True,0.991959,0.008041011
좋은 아침이에요 !!,1,0.008089012,True,0.991911,0.008089012
와우 정말 똑똑해요 체스터!!!!!!7!!!!!!!!!!!!,1,0.00809489,True,0.9919051,0.00809489
제가 가도 될까요?,1,0.008096261,True,0.9919037,0.008096261
"fri nite oso에 갈 생각이야... 어 목요일엔 힙합도 있고, 나도 가고 싶어... 이런...",1,0.0081062885,True,0.9918937,0.0081062885
아 정말 바람이 많이 빠졌어요!!! 시안):,1,0.008109821,True,0.9918902,0.008109821
"네, 괜찮아요.",1,0.008113253,True,0.9918867,0.008113253
알았어 시간을 다시 알려줘 어. 집에 먼저 가서 자요.,1,0.008122649,True,0.9918773,0.008122649
너 Lucknow 친구와 함께 있어 줄래?,1,0.0081543205,True,0.99184567,0.0081543205
하하 알았어 오후 1시 수업이야. 나중에 2개 샀어요. 그런데 풍선은 안 줘요 ㅋㅋㅋ.,1,0.008167817,True,0.99183214,0.008167817
여자 논리 양복 사러 갔는데 신발이 예뻐서 이 핸드백을 샀어요,1,0.008194367,True,0.9918057,0.008194367
아 알겠습니다.. 언제 도착하시나요?,1,0.008202955,True,0.991797,0.008202955
"안녕하세요, 오후 5시에 시간 맞춰주실 수 있나요?",1,0.008216775,True,0.99178326,0.008216775
지금 복도로 돌아가는데... 하지만 우리 선생님은 레에 없어요. 그 사람이 금요일이라고 말한 것 같은데?,1,0.008223663,True,0.99177635,0.008223663
HBD! 내 집에서 파티 2nite! ??,1,0.008242566,True,0.99175745,0.008242566
"안녕! 데빈, 난 릭이에요.어디서 왔나요?",1,0.008244917,True,0.9917551,0.008244917
"응, 그렇지! 글쎄요",1,0.008248197,True,0.99175185,0.008248197
"ftdi가 당신과 함께 있나요, 아니면 연구실에 있나요?",1,0.008269193,True,0.99173087,0.008269193
"조이: 맙소사, 거기 누구 없나요?",1,0.008290461,True,0.99170953,0.008290461
우리가 남성 스트리퍼들로 구성되어 있었던 것을 기억하시나요?,1,0.008300213,True,0.9916998,0.008300213
"음, 영수증이 첨부되어 있을 텐데요. 다시 한번 확인하시나요?",1,0.008318044,True,0.991682,0.008318044
"응, 하지만 내 아마 hse로 먼저 갈지는 잘 모르겠어",1,0.008319437,True,0.99168056,0.008319437
아아 알았어 그럼 5로 해라. 2식당에서 만나요.,1,0.008334659,True,0.9916653,0.008334659
그럼 그녀가 오늘 사나요? ? 그럴 필요 없어 아아...,1,0.008382585,True,0.9916174,0.008382585
"아뇨, 무슨 일이 일어난 거죠?",1,0.008389378,True,0.9916106,0.008389378
갈색 물질의 작은 농도처럼. 정말 똑똑해요. 헤하오 방금 봤어,1,0.008393036,True,0.99160695,0.008393036
우리는 아침에 돌아옵니다. 서해안 공원에서 밤을 보내세요,1,0.008504691,True,0.9914954,0.008504691
몇 시에 퇴근하고 몇 시에 만날 수 있는지에 따라 다르죠... 거의 다 됐어요. 나 먼저 집에 갈까?,1,0.00850685,True,0.99149317,0.00850685
레오나 생일은 일요일에 우리는 금요일에 저녁 식사를 위해 만날 시간이 있나요?,1,0.0085243555,True,0.9914757,0.0085243555
오늘 밤 그곳 SCA에 함께 가실래요?,1,0.008544467,True,0.9914555,0.008544467
"아, 저번에 시험지에 나왔던 거 om espace ㅋㅋㅋ",1,0.008548259,True,0.9914518,0.008548259
"죄송합니다. 탄씨, 이번 금요일에 방을 예약할 수 있나요?",1,0.008553747,True,0.99144626,0.008553747
좋습니다. 시작하기 전에 알려주세요 lt,1,0.0085668,True,0.99143326,0.0085668
<name>이(가) 일어날 수 있다면 ㅋㅋㅋ,1,0.008584397,True,0.99141556,0.008584397
아이가 전자 학습을 다시 시작하라고 보냈습니다.,1,0.008623273,True,0.99137676,0.008623273
좋아요! 그래서 나는 오늘 4가지를 가지고 있고 모든 것을 이깁니다.,1,0.008672017,True,0.99132794,0.008672017
항목에 tat을 추가하겠습니다. 그런데 왜 그 사람이 너무 괴짜예요. 그 사람 조금이라도 변할 수 없을까.,1,0.0087464005,True,0.99125355,0.0087464005
버스를 탔어요 :),1,0.008807945,True,0.99119204,0.008807945
팔라완 해변 끝,1,0.008867261,True,0.9911328,0.008867261
하하하 그렇군요. 나도 당신에게 할 말이 있어요.,1,0.008905574,True,0.9910944,0.008905574
그렇다면 왜 누군가를 고용해야 할까요? :),1,0.008906584,True,0.99109346,0.008906584
K 중요한 사항은 나중에 전화하고 싶어요.,1,0.008925681,True,0.9910744,0.008925681
모든 것을 잡아라 :-,1,0.008936287,True,0.9910637,0.008936287
인버터 팬 써본 사람 있어? 과대광고할 가치가 있나요? 고려해야 할 추천 브랜드가 있나요?,1,0.008951726,True,0.9910483,0.008951726
사람들에게 트위터로 인터넷에 문제가 있는지 물어보는 건 멍청한 짓이겠지만... 어쨌든 할게요.,1,0.0089546675,True,0.9910453,0.0089546675
정말... 하지만 정말 오래 기다리셔야 합니다... 그래서 시험 날짜를 미리 예약해 두세요...,1,0.008963122,True,0.9910369,0.008963122
나는 아무것도 생각하지 않습니다. 이제 내가 뭔가 생각하고 있다는 말이 무슨 뜻인지 말해봐,1,0.008981074,True,0.99101895,0.008981074
그거 너무 늦었어 에에. 이번주말 가능할까요?,1,0.009009749,True,0.9909903,0.009009749
어둠을 두려워하는 아이가 밤새도록 밖에 나가고 싶어하는 십대가 되는 데 왜 그렇게 짧은 시간이 걸리는 걸까요?,1,0.009017194,True,0.99098283,0.009017194
어둠을 두려워하는 아이가 밤새도록 밖에 나가고 싶어하는 십대가 되는 데 왜 그렇게 짧은 시간이 걸리는 걸까요?,1,0.009017194,True,0.99098283,0.009017194
ㅋㅋㅋ 나도 그런 적 없어. 하지만 그 종교 쇠퇴를 뒷받침하는 기사를 찾는 것입니다,1,0.009042676,True,0.99095726,0.009042676
우리가 그곳을 탐험했던 때를 기억하시나요? 좋은 시간!,1,0.009075902,True,0.99092406,0.009075902
"나, 난 또 모르겠어 oh",1,0.009086943,True,0.99091303,0.009086943
마슬링을 하면 더 빨리 볼 수 있어요!!,1,0.009127751,True,0.9908723,0.009127751
응 나 지금 학교에 있어.. 지금은 7시까지 무료고 10시까지 수업을 받어. 왜 레이?,1,0.009141942,True,0.990858,0.009141942
Joey: 린 케어 소개,1,0.009158932,True,0.99084103,0.009158932
좋아요 그리고 밖에 있는 사람들에게 내 지갑이 있는지 물어보세요 파란색 지갑에는 현금이 100달러 있어요,1,0.009162321,True,0.99083763,0.009162321
내가 얻은 돈 번호 946번 다음에 뭘 할 것인가,1,0.00917585,True,0.9908242,0.00917585
음 졸린 것 같아. 오늘 바로 내가 그걸 얻을거야 자기야,1,0.009231657,True,0.9907684,0.009231657
안녕하세요 그녀에게 2정액을 물어보세요 :),1,0.009267594,True,0.99073243,0.009267594
리 메이.. 도움이 필요해요.. 엑셀 시트 인쇄하는 것을 도와주실 수 있나요.. 페이지를 제대로 설정하는 방법을 모르겠어요..,1,0.00927578,True,0.99072427,0.00927578
"잘 자고 좋은 꿈 꾸세요 자기야, 사랑해요",1,0.009282468,True,0.9907175,0.009282468
그래서 당신이 오고 있어요. 에스플러네이드에 있어야합니다.,1,0.009314301,True,0.99068564,0.009314301
"아니요, MS입니다. 아니요 p. 그리고 안돼.",1,0.009320622,True,0.9906793,0.009320622
"아, 전화를 놓쳐서 미안해요. 무슨 일이야?",1,0.009360925,True,0.9906391,0.009360925
아. 얼음. 우리는 내부에 있습니다.:-),1,0.009422244,True,0.9905778,0.009422244
칼리 이브 모이,1,0.009446783,True,0.99055326,0.009446783
내 XXX 사진을 보고 싶나요? 너무 섹시해서 영국에서는 거의 금지되었습니다!,1,0.0094563505,True,0.99054366,0.0094563505
내 XXX 사진을 보고 싶나요? 너무 섹시해서 영국에서는 거의 금지되었습니다!,1,0.0094563505,True,0.99054366,0.0094563505
Mr. Soh Le에게 알려야 합니다.,1,0.009559192,True,0.99044085,0.009559192
KK는 4 플러스에 도달,1,0.009725803,True,0.99027425,0.009725803
"꽤 황미우지만, 신화가 잘 쓰여졌으니 그래도 나쁘지는 않습니다.",1,0.009727236,True,0.9902728,0.009727236
"하하하 맙소사, 시아를 속이세요! 오>< 사람들이 일찍 일어나고 싶어할 줄 알았거든요! 흠, 아니면 어느 날 왔는데 더 일찍 와서 내가 가르쳐 주고 나서 더 일찍 떠나는 거야?",1,0.009780674,True,0.9902193,0.009780674
지금은 부모님과 함께 젠팅 중이에요. 내가 해낼 수 있을 것 같지는 않은데. 너희들은 lar를 즐긴다. 다음에 너랑 같이 갈게...,1,0.009795547,True,0.99020445,0.009795547
ㅋㅋㅋ 뭐야 하하하 뭐야 하하하 아니 사실은 널 스토킹하려고 남자를 고용한 거야,1,0.009917775,True,0.9900822,0.009917775
죄송합니다! 저는 스타벅스로 운전해서 가던 중이었어요 :,1,0.009921522,True,0.99007845,0.009921522
너 그 사람한테 집중하는 걸 잊었구나 나 완전 망가졌어,1,0.010024714,True,0.9899753,0.010024714
왜 전화할 수 없는지 모르겠습니다 ):,1,0.010113455,True,0.9898865,0.010113455
당신은 최고입니다! ?? 계속 빛나고 흔들어 보세요!,1,0.010176457,True,0.9898235,0.010176457
"내 말은, 그는 우리에게 그것을 줄 수 있는지 100 확신하는지에 대해 다시 전화할 것이지만 아마도 그럴 수 있을 것입니다.",1,0.010176946,True,0.98982304,0.010176946
"하하하하하 아이틱! 응, 물론 그럴 수 있지! 나는 너무 멀리 앉아도 알 수 있습니다! :디",1,0.010192844,True,0.9898072,0.010192844
aj snigdha는 내일 수업이 있어서 문제가 생겼어요 캬 카룬 같이 가는 건 문제예요,1,0.010247239,True,0.98975277,0.010247239
헤헤:P 별명이 너무 없는 것 같아요!,1,0.010247885,True,0.98975205,0.010247885
":) 네, 좀 더 테이크아웃할 음식이 있어요. 나 먼저 쉬고 집에 무사히 가.",1,0.010297511,True,0.98970246,0.010297511
"응, 내 생각엔 그 사람이 나나 비벡에게 알려주는 게 더 편할 것 같아",1,0.010344737,True,0.98965526,0.010344737
하하 ic... 간바떼! 너무 일찍 잠이 안 올까봐 겁이 나네요 ㅋㅋㅋ 너무 일찍! 최신도 새벽 2시 ㅋㅋㅋ... 나쁘지 않네요 아 얘기 좀 ㅋㅋㅋ,1,0.010476359,True,0.9895236,0.010476359
와 흐흐 흐흐... 사실 나도 볼링 치고 싶어 ㅋㅋㅋ... 모순되네 ㅜㅜ... 물어봐 내가 4위인 걸 봐 tml ㅋㅋㅋ,1,0.010545657,True,0.9894544,0.010545657
나중에 Ã¼를 만날 거예요... 내가 도착하면 Ã¼에게 전화해 주세요...,1,0.01056058,True,0.9894394,0.01056058
"Bill, as in: 저한테 온 편지 있나요? 나는 오렌지색 지폐를 기대하고 있는데, 그 지폐에는 여전히 오렌지색이라고 적혀 있을 것입니다.",1,0.010560628,True,0.9894393,0.010560628
SMS를 입력했는데 답장이 왔어요. 어디 가세요?,1,0.01058573,True,0.9894142,0.01058573
SMS를 입력했는데 답장이 왔어요. 어디 가세요?,1,0.01058573,True,0.9894142,0.01058573
아아! 제가 잘못 lt로 갔더니 이제 lt33으로 가네요.,1,0.010785316,True,0.9892147,0.010785316
아뇨. 그들은 우리를 놀리기 마련이니 그냥 놀리도록 놔두세요.,1,0.010886435,True,0.98911357,0.010886435
지금 Ã¼에 전화하는 중입니다...,1,0.010899915,True,0.98910004,0.010899915
하하... 죄송해요 좀 흐릿해요 Liao... 너무 많은 교훈을 얻었네요... 그럼 당신의 삶은 어떤가요?,1,0.010955847,True,0.9890442,0.010955847
이제 바퀴벌레 -흰개미 -빈대 -쥐 -모든 해충을 제거하세요,1,0.011099469,True,0.98890054,0.011099469
당신의 항공편을 찾을 수 없어요,1,0.011102557,True,0.9888974,0.011102557
와트 버스는 sch frm amk로 이동합니다.,1,0.01112813,True,0.9888719,0.01112813
하하. Oic. 그래서 당신은 많은 것을 입어야 합니다. 나야? 넵 로아. 작은 오니. 케 리안 시아.,1,0.011162777,True,0.98883724,0.011162777
ㅋㅋㅋ 매 회가 설렘으로 가득 차 있어요! 나는 Liao 호스텔에 있습니다.,1,0.011239663,True,0.98876035,0.011239663
"네, 수요일에 만날 수 있어요. 문제가 무엇인지 알려주실 수 있나요?감사합니다! 즐거운 휴일 보내세요.",1,0.011285674,True,0.9887143,0.011285674
"문자 메시지의 링크가 가짜인지, 사기 웹사이트로 연결되는지 어떻게 알 수 있나요?",1,0.011580506,True,0.98841953,0.011580506
또한 여기에서 필요한 것이 있으면 알려주세요.,1,0.011697871,True,0.9883022,0.011697871
"안녕하세요 안드레아, 제 생각엔 세리가 마지막 사건을 끝내고 나면 아마 읽을 수 있을까요? 최대한 빨리 끝내도록 그를 괴롭혀야 할까요? 하하.",1,0.011737154,True,0.98826283,0.011737154
"안녕하세요, 4u의 새로운 노력을 응원합니다!",1,0.011948246,True,0.9880518,0.011948246
"아뇨, 거의 다 된 것 같아요. 그냥 내 침대에 누워있어. 엄마를 Liao iszit 사원으로 보내셨나요?",1,0.012097393,True,0.9879026,0.012097393
하하 왜냐하면 그 사람은 만료되는 바우처를 가지고 있었는데 누구한테 해야 할지 모르겠어요!,1,0.012556067,True,0.987444,0.012556067
찾았습니다.. 감사합니다..,1,0.012582022,True,0.98741794,0.012582022
알았어. 알았어. 그런데 이제 초음파는 모든 루프의 범위를 지정하지만 IR이 없을 때만 읽으며 속도가 약간 향상됩니다.,1,0.012931497,True,0.98706853,0.012931497
오늘 마리오와히 아프나 비디오게임 왈라를 만났어요. 저를 기억하시나요? 그는 아니라고 대답했어요. 카미네는 어린 시절을 모두 잃었어요. 당신의 생명을 구해주세요.,1,0.01305528,True,0.98694474,0.01305528
"맙소사, 그건 생각하지 못했어요! 넌 디스했어!!! 결승전을 즐겨보세요! <3",1,0.013141359,True,0.9868586,0.013141359
의욕 없음 liao ... 지금 내 책상에서 잠들어 ...,1,0.013194765,True,0.9868052,0.013194765
내 생각에는 안경을 쓰고 콘택트렌즈를 만드는 것 같아요. 오늘은 시간을 낭비하지 마세요. 운 좋게도 당신이 말해줬어요! 하하.,1,0.013342601,True,0.98665744,0.013342601
알겠습니다. 문제는 없습니다. 우리는 지금 가고 있어요,1,0.013431148,True,0.9865688,0.013431148
"ㅎㅎ 정말 바위같죠?!?!? 어쩌면 외국일지도 아, 그래서 나는 바위처럼 자요! 집에서 여기저기 물건을 걷어차는 편이에요 히히! 아 나도 그래요! 그냥 내 침대에는 안 돼 헤헤! 와 진짜요? 당신은 정말 예민해요:o 저는 LOL에 응답하지 않습니다.",1,0.013467185,True,0.9865328,0.013467185
나 ???? 매일 이렇게 집에서 놀고 있어요 ㅋㅋ 저랑 같이 즐길래여!! 연 락주세용 ㅋㅋ 전화번호:010????????,1,0.013516683,True,0.9864833,0.013516683
안녕하세요 저는 거기서 식사 중입니다. 음료수 근처.,1,0.013705318,True,0.9862947,0.013705318
"아뇨, BSS로 가라고 말하는 걸 깜빡했네요. ㅋㅋㅋ IC, 인증서, 통장을 지참하세요.",1,0.013770138,True,0.9862299,0.013770138
환불을 받으려면 첨부된 양식을 작성해 주세요.,1,0.013800036,True,0.9862,0.013800036
안녕하세요 오늘은 lt DECIMAL gt 에 늦었습니다. 분.,1,0.014012873,True,0.9859871,0.014012873
모르겠어요! 어쨌든 우리는 다른 남자를 찾았습니다. 집에 가거나 집에 머무르는 것을 선호합니까?,1,0.014099037,True,0.98590094,0.014099037
<name> 님이 내 물건은 깨끗해도 다 빨래 하라고 하세요.. 엄마는 내가 왜 똥을 다 씻는지 궁금해하실 것 같아요,1,0.0142658325,True,0.9857342,0.0142658325
SMS. ac JSco: 에너지는 높지만 2채널이 어디에 있는지 모를 수도 있습니다. 2일 당신의 리더십 능력은 강력합니다. 무당? 질문과 함께 ANS에 답장하세요. 끝? 답장 END JSCO,1,0.014423444,True,0.98557657,0.014423444
SMS. ac JSco: 에너지는 높지만 2채널이 어디에 있는지 모를 수도 있습니다. 2일 당신의 리더십 능력은 강력합니다. 무당? 질문과 함께 ANS에 답장하세요. 끝? 답장 END JSCO,1,0.014423444,True,0.98557657,0.014423444
부서는 그다지 중요하지 않습니다.. 거기서 하는 일이 더 중요합니다.. SCM에 요청해 보세요.. 전략적 변화 관리.. 그들은 시스템을 더 좋게 만드는 방법을 알아냅니다.,1,0.014454087,True,0.98554593,0.014454087
하하 맙소사!! 으악 하하하 그럼 대체 누가 치비라고 생각한 걸까요???하하하 세상에!! 하하 당신은 나에게 정말 친절해요 하하! 아침! 나의 큰 사촌은 당신보다 < >살 더 많습니다! 그리고 미혼! :영형,1,0.014469412,True,0.9855306,0.014469412
이건 널 위한 거야 내 사랑 ummmmaaaahh,1,0.014520287,True,0.98547965,0.014520287
아아 알았어. 확인하는 데 도움이 될 것입니다. ar를 사고 싶나요? 더 저렴합니까?,1,0.01453648,True,0.9854635,0.01453648
"ㅋㅋㅋ 우리는 마작라를 하고 싶어요. 하하, 오늘 하루 종일 무료인 줄 알았어요.",1,0.01456654,True,0.98543346,0.01456654
"친애하는 선생님, 주문을 위해 전화주세요",1,0.014573387,True,0.98542666,0.014573387
오기 전에 준비할 수 있도록 메시지를 보내주세요,1,0.014805717,True,0.98519427,0.014805717
"하하 뭐야 내 휴대폰에 메시지가 두 개밖에 안 왔어.. 하하 금요일도 미쳤어, 생화학은 많은 걸 외워야 해.. 시안 내가 왜 그렇게 멍청해서 중국어를 실패했는지 T.T 난 정말 망할 감자야:/ 하하 멋지다!",1,0.014813176,True,0.9851869,0.014813176
안녕 자기야 오늘은 어때? 나는 대화를 나누고 싶습니다. 당신의 외모와 섹시함은 무엇인지 말해 보세요.,1,0.014916807,True,0.9850832,0.014916807
안녕 자기야 오늘은 어때? 나는 대화를 나누고 싶습니다. 당신의 외모와 섹시함은 무엇인지 말해 보세요.,1,0.014916807,True,0.9850832,0.014916807
알겠습니다. 불편을 끼쳐드려 죄송합니다. 하하.,1,0.015058435,True,0.98494154,0.015058435
"Airbnb: 근배, 월 일- 월 일, 안마루의 다용실에 수건,칫솔,치약,화장지,커피,해초국수...",1,0.015358987,True,0.984641,0.015358987
저도요! 좋은 밤 되세요 XXX,1,0.015390764,True,0.98460925,0.015390764
"나는 덜 중요해지고 그 사람은 더 중요해져야 합니다. 존 <TIME> 주님을 찬양합니다! 행복한 하루 보내시고, 하나님의 사랑이 가득한 행복한 주말 보내세요 :-):-)",1,0.015625793,True,0.9843742,0.015625793
거..가/.입/하기딱좋은날씨네 갈땐가더라도한번둘러보는건괜찮자나?bit.ly/ vi Rg com,1,0.0156548,True,0.98434526,0.0156548
"하하하 그래요 점심은 먹어야죠! ㅋㅋㅋ 아아 근데 xx ㅋㅋㅋㅋㅋ 괜찮아 괜찮아!!! 우하하 네 밤에 많이 돌아다녀요! 그래서 내 담요, 받침, 베개가 때때로 바닥에 떨어지곤 합니다. 하하. 에에, 모르겠어, 그냥 나간다고? 어차피 아빠는 나한테 이메일을 보내달라고 할 거야!",1,0.015980821,True,0.98401916,0.015980821
잘. 수정되었습니다,1,0.016147379,True,0.9838526,0.016147379
"아니, 그렇지 않습니다. 우리만 있다면 그런 문제는 없을 것입니다. 나는 주로 이것이 그들이 pk에게 우리에게 지그를 하라고 지시하는 때와 같기 때문에 폭발합니다.",1,0.016352871,True,0.98364717,0.016352871
으아 알았어!!! 오프라인 메시지를 남겨주세요!! 하하 v 질질 끌 것 같아요 하하 ._.,1,0.01641664,True,0.9835834,0.01641664
XXXMobileMovieClub: 크레딧을 사용하려면 다음 문자 메시지에서 WAP 링크를 클릭하거나 여기를 클릭하세요>> <URL> xxxmobilemovieclub.com?n QJKGIGHJJGCBL,0,0.016499244,True,0.016499244,0.9835007
bful 볼리우드 디바는 당신의 마음을 사로잡을 것입니다 이미지 비디오를 클릭하여 무료로 다운로드하려면 httptinyurlcomjpzv를 클릭하세요.,0,0.016537962,True,0.016537962,0.9834621
인류의 고향 기금에 기부 <URL> .ae uaehomeland,0,0.016543407,True,0.016543407,0.98345655
Tap Smash 앱을 다운로드하고 새로운 무료 재충전 혜택을 받으세요. Tap Smash 앱을 설치하세요. 여기를 클릭하세요 httpgooglxsls,0,0.016544502,True,0.016544502,0.98345554
크리스마스의 모든 달콤한 마법이 당신의 마음을 기쁘게 하기 위해 공모하길 바랍니다. spl 노래를 얻으려면 httptinyurlcomorffnk를 클릭하여 무료로 다운로드하세요.,0,0.01674066,True,0.01674066,0.9832593
이중 제안 서둘러 책 부지 lac 평방피트 사무실 무료 지불 이제 소유 권한 승인 주거용 부지 전화로 휴식하세요,0,0.016859056,True,0.016859056,0.98314095
"네, 그렇습니다. 전체적인 신체를 고려한다면. 상체만 생각하면 더 더워요. 아빠가 나를 데리러 오시기를 기다리고 있어요.",1,0.016930247,True,0.9830698,0.016930247
Rs.2500 기프트 카드를 선택하세요. 지금 상품을 받으려면 링크를 클릭하세요 <URL> Bhai 다가오는 온라인 판매 중에 이것을 사용할 수 있습니다.. Yipee,0,0.016955541,True,0.016955541,0.98304445
이베이에서 sandisk gb pendrive rs를 구매하는 쉬운 단계 httpbitlyzdtak 로그인 클릭 쿠폰 적용 ltgtpjqz 한정 주식 선착순 서둘러,0,0.017113712,True,0.017113712,0.98288625
그는 MS가 끝나면 나에게 연락하라고 했어요,1,0.017137872,True,0.9828621,0.017137872
최신 주문을 확인하려면 주문번호로 부재중 전화를 무료로 보내주세요.,0,0.01715453,True,0.01715453,0.9828455
축하합니다 D Kanthamma 귀하는 디지털 건강 여정을 향한 첫 걸음을 내디뎠습니다. ABHA XX-XXXX-XXXX XXXX 여기를 클릭하세요,0,0.017293522,True,0.017293522,0.98270655
썬텍. 잘못 입력했어요. 하하. 나는 당신에게 SMS를 전달합니다..,1,0.01732672,True,0.9826733,0.01732672
여자가 프로포즈를 하지 않는 이유는 여자가 무릎을 꿇자마자 남자가 압축을 풀기 시작하기 때문이다.,1,0.017366614,True,0.9826334,0.017366614
"안녕하세요 운이 좋은 고객님, 12월까지 유효한 MB 무료 데이터를 얻으실 수 있습니다. 무료 데이터를 클릭하여 영화 마스터 피스의 새 예고편을 즐겨보세요. httpbitlyqdohtz",0,0.01739726,True,0.01739726,0.9826027
출산에 대한 신생아 비용을 보장하는 메디클레임 보험 연도부터 무현금 청구 최대 RS lac 입원 전 SMS 나중에 tca로,0,0.017465807,True,0.017465807,0.9825342
특별 평가판 팩을 RSCHG로 다운로드하고 Daysial에서 유효한 MB 데이터를 받아 무료 비디오를 이용하려면 httpbitlykcv를 클릭하세요.,0,0.017493077,True,0.017493077,0.98250693
감사합니다. 당첨자는 SMS로 알려드립니다. 행운을 빌어요! 향후 마케팅 답변 없음 <NUM> 고객 서비스 <PHONE> 로 중지,0,0.01758624,True,0.01758624,0.98241377
사람들이 미친 시즌 종료 세일의 슈퍼 제안을 놓치지 마세요,1,0.017619396,True,0.9823806,0.017619396
psst 당신은 선택되었습니다. paytm에서 rs 캐쉬백을 받으세요. rs 추가 프로모션 코드 cl 제안이 곧 만료됩니다. httppytme tc 적용을 클릭하세요.,0,0.017769208,True,0.017769208,0.9822307
슈퍼테크 바세라 구르가온 올인클루시브 주택 bhk lacs bhk lacs 건설 본격 주택담보대출 예약금 지불 전화,0,0.017875968,True,0.017875968,0.98212403
고맙습니다..Nalla s?Â pitten.. RingIn Tones를 활성화하고 RING을 입력한 후 < > -Cond.apply로 보냅니다,1,0.017898122,True,0.9821018,0.017898122
신용불량자도 어떤 용도로든 대출 가능! 임차인 환영합니다. <PHONE> 번으로 NoWorriesLoans.com에 전화하세요.,0,0.017988022,True,0.017988022,0.98201203
Lenskart의 시력 검진 서비스로 완벽한 시력을 얻으세요. 부재중 전화를 걸거나 httpmsggdsophdawgixeo를 방문하여 홈오피스에서 즉시 예약하세요.,0,0.018000666,True,0.018000666,0.9819994
"이번 주에 포함된 새 톤: 1)McFly-All Ab.., 2) Sara Jorge-Shock..3) Will Smith-Switch.. 주문하려면 다음 메시지의 지침을 따르세요.",1,0.01800901,True,0.981991,0.01800901
"이번 주에 포함된 새 톤: 1)McFly-All Ab.., 2) Sara Jorge-Shock..3) Will Smith-Switch.. 주문하려면 다음 메시지의 지침을 따르세요.",1,0.01800901,True,0.981991,0.01800901
"친애하는 V 가족 회원님, 과거 충전 잔액 업데이트 이메일에 대한 Whatsapp 서비스를 확인하시겠습니까? wa.me/ <PHONE> 0 text HI를 클릭하세요.",0,0.018060418,True,0.018060418,0.9819396
귀하를 위한 사전 승인된 보험 의료 소득 서류가 없는 1Cr 기간 보험 안전한 삶을 시작하세요 XXX개월 __URL_0__ TNCA를 클릭하세요,0,0.018186696,True,0.018186696,0.9818133
하하 노노 왜냐면 나 좀 있다가 나갈 거거든 하하 맙소사 내 생각엔 꽤 반칙인 것 같아 레 난 하루 종일 두 시간 넘게 컴도 쓰지 않고 게으름을 피우고 있었어! 하하 우리는 xx할 것 같아,1,0.018305466,True,0.9816945,0.018305466
남쪽 도시 블록 C에 있는 BHK 빌더 층의 Arun 소유자에게 연락했습니다. 가격 RS는 해당 지역에 게시된 소유자 부동산을 가장 먼저 얻을 수 있는 사람입니다. Magicbricks 앱을 다운로드합니다. httpgoogllab httpwwwmbtrkcombtrkugcbpi를 클릭하여 연락한 사람이 소유자가 아니라 Magicbrickscom의 대리인일 경우 신고하세요.,0,0.018405132,True,0.018405132,0.9815949
뭘 좋아할지 몰라서 다 준비했어 다들 원하잖아 고민고민하지마 승부한번보자!bit.ly/ vi Rg com,1,0.018521082,True,0.9814789,0.018521082
집으로 돌아갑니다.,1,0.01856818,True,0.98143184,0.01856818
이 단어의 의미를 아시나요: 여자친구 연인 아내 전 여자친구매우 간단함: 선불 후불 평생 부재중 전화 .!!! xD,0,0.018620329,True,0.018620329,0.9813797
"하하 정말 멋지네요 ㅋㅋㅋ, 우리는 밤에 카드놀이를 해요! 하하 저는 엄마 측과 더 가깝습니다. 우리 중 < >명이 있지만 형과 저는 막내입니다. 2하하 :P 아니요 라 하하 저는 버프가 아닙니다! 조금만 가지고 다니세요! ㅎㅎ 근데 답답하네요 엄청 더워요! 으악 트롤이구나!!!!!!!!!! 한 대 때려줘 아!",1,0.018707192,True,0.9812928,0.018707192
"여기요! 늦을 것 같은데, 박사님께 먼저 오시면 방을 열어달라고 부탁드려도 될까요?",1,0.019112376,True,0.98088765,0.019112376
곧 출발합니다. 사랑해요! 휴대전화를 끄는 중입니다.,1,0.01912028,True,0.9808797,0.01912028
< >분 후에 부재중 전화를 걸겠습니다,1,0.019271404,True,0.98072857,0.019271404
< >분 후에 부재중 전화를 걸겠습니다,1,0.019271404,True,0.98072857,0.019271404
약 40년 후에는 수천 명의 노부인들이 문신을 하고 돌아다닐 것이라는 사실을 알고 계십니까?,1,0.019354306,True,0.9806457,0.019354306
약 40년 후에는 수천 명의 노부인들이 문신을 하고 돌아다닐 것이라는 사실을 알고 계십니까?,1,0.019354306,True,0.9806457,0.019354306
Autoportal은 chevrolet beat 재고 정리 세일을 선물합니다. rs 한정 주식에 해당하는 혜택 할인. 부재중 전화를 주세요.,0,0.020194553,True,0.020194553,0.9798054
Apple이 이번 달 XX 무료 Apple iPad를 드립니다. 우승자가 되신 것을 축하합니다. 여기에서 세부 정보를 확인하세요. 9XO.com Oarfc,0,0.020206125,True,0.020206125,0.97979385
안녕하세요신천동 국제 게임랜드입니다 이제 봄이 오려나 봅니다 나들이도 다녀오시고저희 가게도 커피한잔 하러오세요,1,0.020210199,True,0.97978985,0.020210199
보바다햄버거 세트event쪽지 하긴[M ],1,0.020263435,True,0.9797365,0.020263435
메시지 본문 고객님께 MTNL Sim KYC가 일시 중지되었습니다. SIM 카드가 XX시간 이내에 차단됩니다. 즉시 전화하세요. 고객 관리 옵션,0,0.020357816,True,0.020357816,0.97964215
"친애하는 고객 여러분, RBI 규칙에 따라 모든 신용 카드 보상 포인트는 2018년 3월 5일까지 중단됩니다. 여기를 클릭하여 포인트를 사용하십시오. 카드 포인트 사용 cashredeem.com",0,0.020413112,True,0.020413112,0.9795869
하하 아 그렇군요 월요일에 알겠습니다 그렇죠! 하하 안 하면 이모야하하! 노벨상을 받으러 가세요 하하!,1,0.02047734,True,0.9795227,0.02047734
우정 ge bekiro niyatturaja huli는 rs일에 발신자 조정으로 갱신되었습니다. callertune은 SMS를 비활성화하기 위해 갱신됩니다. 또는 수신자 부담 안드로이드 사용자에게 전화하십시오. httphyperurlcoskt를 클릭하여 무료 휴일 몸이 좋지 않은 음악을 위해 vodafone callertunes 앱을 다운로드하십시오.,0,0.020663721,True,0.020663721,0.9793363
TheMob>Yo yo yo-여기 회원들이 무료로 받을 수 있는 새로운 인기 다운로드 항목이 있습니다! 귀하의 휴대폰으로 전송된 다음 링크를 클릭하여 여십시오...,0,0.020673962,True,0.020673962,0.979326
후미로 보낸 다음 메시지 저장을 클릭하세요... 더 많은 것을 얻은 것처럼요. 월 700달러를 공급할 수 있다고 생각합니다...,1,0.020694735,True,0.9793052,0.020694735
meenakshim이 표준 SMS 요금으로 하이킹 답장에서 무료로 보낸 스티커를 보냈습니다. 무료 채팅을 위해 httphikein에서 하이킹을 다운로드하세요.,0,0.020704806,True,0.020704806,0.97929513
긴급 전화 귀하의 이력서가 선택되었습니다. wwwtatatech839.blogspot.com 링크를 통해 귀하의 편지를 다운로드하십시오. 링크 열기,0,0.0208193,True,0.0208193,0.97918075
"하하하하하 난 그렇게 폭력적이지 않아요! 하하하 으아아아아아아아아아아아아아아아아아아아아아아아아아아아아아아아아아아아아아뇨 의회 일도 해야하고 식료품 저장실도 청소해야 해요! 슬픈 표정하하하! 아, 방금 체스터에 전화했을 때 네 이름을 들었어! 하하!",1,0.02082051,True,0.97917944,0.02082051
"친애하는 고객 KCB M PESA 소프트 대출은 이제 X에서 이용 가능합니다. 활성화하려면 XXXXXX를 보내 Ksh 10,000 Ksh 50,000 Ksh 100,000 Ksh 250,000 전화 SMS XXXXXXXXXX부터",0,0.020833759,True,0.020833759,0.9791662
e grab.com/otp.,1,0.021131702,True,0.97886837,0.021131702
2/2 146tf150p,1,0.021149324,True,0.97885066,0.021149324
응 그건 선택의 여지가 없어): 땀을 흘리면 나쁘지 않지 아! 그 사람은 뚱뚱하고 냄새나는 소년이에요! ㅎㅎ 지출을 통제할 수 없으니 하하 여러분도 통제하겠습니다!! :디,1,0.021328041,True,0.9786719,0.021328041
고객 귀하의 인도 주립 은행 계좌가 정지됩니다. KYC 인증 업데이트를 다시 요청하십시오. 여기 링크를 클릭하십시오. __URL_0__ .255.150.216/sbionline,0,0.021459384,True,0.021459384,0.9785406
고객 귀하의 인도 주립 은행 계좌가 정지됩니다. KYC 인증 업데이트를 다시 요청하십시오. 여기 링크를 클릭하십시오. __URL_0__ .255.150.216/sbionline,0,0.021459384,True,0.021459384,0.9785406
Shikhad ji kon aapka muje 하이킹에서 무료로 전화를 걸어 Shikhad가 메시지를 계속 보낼 수 있도록 표준 SMS 요금으로 하이킹 답장을 무료로 보냈습니다. httphikein에서 하이킹을 다운로드하여 무료로 채팅할 수 있습니다.,0,0.021463113,True,0.021463113,0.97853684
"내가 12월이라고? 2주 뒤에 시험이 있어서 별로 불편하지 않아요. 진지하게, < > 모임을 조직하는 것은 끔찍한 일입니다. Letjason이 돌아와서 해냅니다.",1,0.021711938,True,0.97828805,0.021711938
환영! 시작하려면 나이와 성별을 답장해 주세요. 예: 24M,0,0.021736564,True,0.021736564,0.97826344
"친애하는 고객님, 밤 9시 30분에 전력 공급이 중단됩니다. 청구서가 업데이트되지 않습니다. 전기 사무실 번호 XXXXXXXXXX에 문의하십시오. 감사합니다.",0,0.02179111,True,0.02179111,0.9782089
귀하는 L T 금융 서비스로부터 부동산에 대한 대출을 받을 자격이 있습니다. XXXXXXXXXXX에 미스 콜을 하여 높은 대출 자격 및 혜택에 대해 자세히 알아 보십시오.,0,0.021852883,True,0.021852883,0.9781471
Harshm이 표준 SMS 요금으로 하이킹 답장에서 무료로 보낸 스티커를 보냈습니다. 무료 채팅을 위해 httphikein에서 하이킹을 다운로드하세요.,0,0.022048382,True,0.022048382,0.97795165
집에서 수리 housejoy hai na 모든 사소한 전기 배관 목공 시간에 맞춰 수리 품질 서비스 부재중 전화 tnc 적용,0,0.022205513,True,0.022205513,0.9777944
안녕하세요 vikash 네 맞습니다 오늘 모든 것은 판매가 끝나기 전에 지금 유일한 상점 아래에 있습니다 httpysmrtlnkinhzlnhh,0,0.022245336,True,0.022245336,0.97775465
"오늘 마지막 날, 지하철 도매 카드에서 쇼 SMS freebietca 최소 구매 시 차가운 음료 kg 설탕을 완전 무료로 받으세요.",0,0.022281297,True,0.022281297,0.97771865
HDFC 은행의 소중한 고객이시므로 신청하고 싶으시면 평생 무료 HDFC 은행 신용 카드를 받으실 수 있습니다. 이 번호에 예 라고 답해 주세요.,0,0.022353124,True,0.022353124,0.9776469
당신이 운전할 때 당신보다 느리게 운전하는 사람은 바보이고 당신보다 빨리 운전하는 사람은 모두 미치광이라는 것을 알아차린 적이 있습니까?,1,0.022378154,True,0.9776218,0.022378154
당신이 운전할 때 당신보다 느리게 운전하는 사람은 바보이고 당신보다 빨리 운전하는 사람은 모두 미치광이라는 것을 알아차린 적이 있습니까?,1,0.022378154,True,0.9776218,0.022378154
데이트:나 이거 두 개 먹어봤어. 지난주에 스포츠 라디오에 대해 이야기하기 위해 문자를 보낸 후에야 시작되었습니다. 어떤 연관성이나 우연의 일치가 있다고 생각하시나요?,1,0.0224453,True,0.9775547,0.0224453
최고의 제안을 위해 전화 걸기 stv 재충전 성공적인 혜택 무료 ln 초 유효 기간,0,0.02254727,True,0.02254727,0.97745275
앗 답변이 늦어서 죄송합니다. 3월 < >일입니다.,1,0.022774957,True,0.977225,0.022774957
주문당 대형 피자 X를 선택하시면 미디엄 호주 피자를 무료로 받으실 수 있습니다. 유효기간 18년 1월 26일 지금 주문하세요 http://,0,0.022839345,True,0.022839345,0.9771607
안녕하세요 여러분 오늘 하루 잘 보내셨나요?,1,0.023122339,True,0.9768777,0.023122339
평일이 지루하다고 누가 말했습니까? 여기 완전 할인 쿠폰이 있습니다. ebaywk eBay httpgooglhucix에서 최대 rs 할인 혜택을 누리세요.,0,0.023438632,True,0.023438632,0.9765613
안녕하세요. 발송인 ID DSHSMS로부터 소득세 환급 관련 SMS를 받았을 수 있습니다. 알려드리고 싶습니다. 발송인을 잘 아는 경우가 아니면 결제를 진행하지 않거나 기밀 개인 정보를 엄격히 공유하지 마세요. 이는 사기 SMS일 수 있습니다. 감사합니다,0,0.023495456,True,0.023495456,0.97650456
새해 제안 jee 온라인 테스트 시리즈 사전 비행기에서 rs 가치로 출발하세요. rs 부재중 전화 사용 코드 xy 지금 제공됩니다.,0,0.023551261,True,0.023551261,0.9764488
소중한 고객이 되어 겨울 대박을 누리세요. americanswancom 코드 상점 남성 httpgooglkmsmc 여성 httpgooglrjqzo에서 무료로 이용 가능합니다.,0,0.023736406,True,0.023736406,0.9762635
"네, 그리고 자신의 상태를 아는 것은 전혀 도움이 되지 않는 것 같습니다.",1,0.023883205,True,0.9761168,0.023883205
이제 Landmarkshops에서 랜드마크 보상 포인트로 즉시 절약을 누려보세요. httpgooglozkyg tnc에서 계정을 연결하여 지출 포인트를 적립하세요.,0,0.023917975,True,0.023917975,0.976082
계정 XXX XXX DT 2019년 4월 28일 X XX AM SMS 알림 요금 4월 XXXX DR 금액 NGN4.00 Bal REF XXXXXXXXXX,0,0.023969185,True,0.023969185,0.9760308
"안녕하세요, <URL> 부동산 -agent home <PHONE> 항목에 대해 문의해 주세요. 미리 감사드립니다. Veronica G. Mack",0,0.024069082,True,0.024069082,0.97593087
발행일 2014년 3월 31일 정책 이름 Classic보험에 문의하세요 R.M 관계 관리자 mr mukesh jain,0,0.024186073,True,0.024186073,0.9758139
해외 유학을 위해 올바른 국가 과정 대학 전문가에게 문의 shiksha 다운로드 앱에 문의하고 신뢰할 수 있는 답변 얻기 bitlyshkappabr 클릭,0,0.024226947,True,0.024226947,0.9757731
현재 최고 입찰가는 151입니다. 이 경매를 일시 중지하려면 OUT을 보내세요. 고객 관리: <PHONE>,0,0.024288232,True,0.024288232,0.9757118
친애하는 HDFC 사용자 여러분의 HDFC NetBanking 계정이 오늘 차단됩니다. 링크를 클릭하고 즉시 PAN 카드 번호를 업데이트하세요.,0,0.024311984,True,0.024311984,0.975688
언제부터 우리 우정을 잊었나요. 방금 경기 중에 너랑 결혼하고 싶다고 말할 뻔했는데 다행히 돈에 대해 생각나게 해줬어.,1,0.024362814,True,0.97563726,0.024362814
세타 불. 나는 내 사랑을 보여주지 않습니다. 그거 알아요. 그렇지 않다면 당신은 나를 그다지 잘 알지 못하는 것입니다.,1,0.024398256,True,0.97560173,0.024398256
yijue hotmail.com,0,0.024400888,True,0.024400888,0.9755991
코로나19 발생으로 인해 집에서 시간을 보내는 데 도움이 되는 iPhone 11 스마트 기기를 무료로 제공할 예정입니다. 1phones2.info/RgdLaTy2gZ를 클릭하세요.,0,0.024414035,True,0.024414035,0.97558594
나는 당신 삶의 일부이기 때문에 행운이라고 느낍니다. 당신의 기억 속에 나를 항상 간직해주세요. 영원히 내 친구가 되어주세요. 행복한 우정의 날. 타이 아비,1,0.024421168,True,0.9755788,0.024421168
"mpesa 고객님께, 이제 mpesa 앱을 통해 mpesa 계정을 관리할 수 있습니다. 앱을 다운로드하려면 httpsgooglqyje를 클릭하세요.",0,0.02457151,True,0.02457151,0.9754285
"소피는 가는데, 금요일엔 안 가네! 하하 나도 모르겠어wwwwwwwww 나도 금요일에 가고 싶은지 모르겠다): 하하 아 그 사람이 내 돈을 돌려주지 않았어! 그가 Sophie Can에게 패스할 수 있도록 도와주시겠어요? 하하 시험 시간이 너무 가까워서 ccacoz에 가고 싶지 않아요):",1,0.02466353,True,0.9753365,0.02466353
"친애하는 PYTM 고객 여러분, 귀하의 Pytm KYC가 만료되었습니다. 고객 관리 센터에 문의하십시오. 아니요 XXXXXXXXXX 즉시 귀하의 계정은 XX시간 이내에 차단됩니다. 감사합니다. PYTM TEAM",0,0.024722502,True,0.024722502,0.97527754
"친애하는 PYTM 고객 여러분, 귀하의 Pytm KYC가 만료되었습니다. 고객 관리 센터에 문의하십시오. 아니요 XXXXXXXXXX 즉시 귀하의 계정은 XX시간 이내에 차단됩니다. 감사합니다. PYTM TEAM",0,0.024722502,True,0.024722502,0.97527754
Ted를 퇴임시키자고 들었습니다. 이해합니다. Ted를 퇴임시켜야 합니다. 아무리 썰고 Teressa가 투표를 나누어서 Wheeler의 X년이 더 늘어나는 결과를 얻었고 저는 이 도시에서 제가 바라는 것을 실제로 원하는 사람이 거의 없다고 확신합니다.,1,0.024810208,True,0.9751898,0.024810208
긴급 메시지가 기다리고 있으니 즉시 <PHONE> 로 전화해 주세요.,0,0.024828637,True,0.024828637,0.9751713
긴급 메시지가 기다리고 있으니 즉시 <PHONE> 로 전화해 주세요.,0,0.024828637,True,0.024828637,0.9751713
긴급 메시지가 기다리고 있으니 즉시 <PHONE> 로 전화해 주세요.,0,0.024828637,True,0.024828637,0.9751713
긴급 메시지가 기다리고 있으니 즉시 <PHONE> 로 전화해 주세요.,0,0.024828637,True,0.024828637,0.9751713
고객 관리 백엔드 채용판매mrktng 소매itnon it엔지니어링기술 지원졸업pg mbasalarykcabms sanaa에 문의,0,0.024862077,True,0.024862077,0.9751379
아이디어 앱에는 최대 GB 데이터가 포함되어 있으며 한 번만 적용 가능합니다. 내 아이디어 앱을 다운로드할 수 있는 링크를 얻으려면 무료로 전화하세요. cilck httponelinktosmsue,0,0.02496052,True,0.02496052,0.9750395
rslocal airtel 전화 p d로 충전한 캐쉬백을 받으세요. 팩을 무료로 자동 갱신하고 갱신할 때마다 캐쉬백을 받으세요. 자동 갱신을 선택하려면 며칠 후에 다음과 같이 답장을 보내세요.,0,0.025164532,True,0.025164532,0.97483546
"긴급한! 귀하의 모바일 아니요 02/06/03에 짙2,000 보너스 발신자 상을 받았습니다! 귀하에게 연락하려는 두 번째 시도입니다! 최대한 빨리 <PHONE> 으로 전화하세요! BOX97N7QP, 150ppm",0,0.025183002,True,0.025183002,0.974817
ATT 무료 메시지 12월 청구서가 지불되었습니다. 감사합니다. 여기 당신을 위한 작은 선물이 있습니다. hhic11.com/vAfbHAAywX,0,0.025263928,True,0.025263928,0.9747361
손실을 멈추고 돈을 벌기 시작하세요. motilal oswal과 함께 무료 거래 워크숍에 등록하고 무료 선물을 받아 더 많은 SMS를 알아보세요.,0,0.025375003,True,0.025375003,0.974625
손실을 멈추고 돈을 벌기 시작하세요. motilal oswal과 함께 무료 거래 워크숍에 등록하고 무료 선물을 받아 더 많은 SMS를 알아보세요.,0,0.025375003,True,0.025375003,0.974625
HALIFAX 경고 안녕하세요 Adam 확인되지 않은 활동이 공지되었습니다. 서비스 제한을 피하기 위해 appservhlfx.online/ 계정에서 데이터를 확인해야 합니다.,0,0.02540045,True,0.02540045,0.97459954
"Flipkart 회사 온라인 쇼핑의 우승자가 되신 것을 축하합니다. 1등상 Tata nexon 자동차 또는 금액 RS 6,90,000을 받으셨습니다. 인도 주립 은행에서 정부 서비스세 RS XXXX를 납부하셨습니다. 날짜 2019년 6월 27일 입금 세부 정보 헬프라인 번호 XXXXXXXXXX",0,0.025501752,True,0.025501752,0.9744983
StanChart 신용카드 SMS BTNOW에서 XXXXXXXXXX -TC 적용으로 낮은 금리로 이체하여 고금리 카드 잔고에서 비용을 절약하세요.,0,0.02559488,True,0.02559488,0.9744051
고객 귀하의 인도 주립 은행 계좌가 정지됩니다. KYC 인증 업데이트를 다시 하십시오. 여기 링크를 클릭하십시오. __URL_0__ .ngrok.io/sbibank 감사합니다.,0,0.02560778,True,0.02560778,0.97439224
1/3을 수신합니다. 벨소리를 주문하셨습니다. 주문을 처리하는 중입니다...,1,0.025760487,True,0.97423947,0.025760487
BNT 친애하는 Amazon에서 아르바이트를 긴급하게 모집하면 매일 XXXX-XXXX Rs를 벌 수 있습니다. 여기를 클릭하여 수익을 얻으세요. wa.me/ <PHONE> 5,0,0.025830366,True,0.025830366,0.9741697
데이터의 세계에 오신 것을 환영합니다. 내 Vodafone 앱을 다운로드하고 MB를 무료로 다운로드하십시오. httpgooglvnaxor 사용량 지불 청구서를 확인하고 하루 유효 기간 내에 최고의 제안을 받으십시오.,0,0.025968293,True,0.025968293,0.9740316
"icici 은행 인터넷 뱅킹을 사용하는 고객 여러분, 9월까지 clayton 시계를 완전 무료로 구매하세요. httpbitlyqdych tnc에서 코드 icicimx를 사용하세요.",0,0.026048895,True,0.026048895,0.97395116
당신의 아기 선택 비디오를 확인하세요 sms.shsex.netUN fgkslpoPW fgkslpo,0,0.026118055,True,0.026118055,0.97388196
"화장실에서 소년은 소녀의 모든 곳을 만진다! 그 소년 누구인지 알아요? 바보같아, 인생소년 비누야! 더러운 사람들은 alwz가 drty라고 생각합니다..",1,0.02623889,True,0.9737611,0.02623889
안녕하세요 네루 고엘입니다. 특별 제안으로 전화해 주셔서 감사합니다. 지금 무료 다이얼을 구독하려면 노래 퀴즈가 필요합니다.,0,0.02640463,True,0.02640463,0.9735954
부재중 전화 알림. 이 번호는 전화를 걸었지만 메시지를 남기지 않았습니다. <PHONE>,0,0.02660309,True,0.02660309,0.9733969
BNT 친애하는 Amazon에서 아르바이트를 긴급하게 모집하면 매일 XXXX-XXXX Rs를 벌 수 있습니다. 여기를 클릭하여 수익을 얻으세요. wa.me/ <PHONE> 1,0,0.02663264,True,0.02663264,0.97336733
축하합니다. RUGBY XXXX PROMO Ref No RU18 UK에서 총 <MONEY> 를 획득하셨습니다. 청구를 위해 XXXXXXXXXX를 통해 당사 대리인 Mario에게 문의하세요. 이메일 Rug1m aol .com TsCs,0,0.026881928,True,0.026881928,0.9731181
귀하는 350 상금을 받기로 선택되었습니다! 귀하가 소중한 모바일 고객으로 선정된 상을 받으려면 청구 번호 <PHONE> 로 전화하십시오.,0,0.02691027,True,0.02691027,0.97308975
X개의 새 알림( <URL> 있습니다.,0,0.02694323,True,0.02694323,0.9730568
"오른쪽!!!!!!!! 하하하 그게 무슨 정당한 일인가요?? 응, 난 그래! mypublic msn에서! 당신을 찔러보세요:P",1,0.027055254,True,0.97294474,0.027055254
안녕하세요 리키. 내일 연마 일정을 변경할 필요가 없습니다. 고마워요.즐거운 밤 되세요.,1,0.02710192,True,0.972898,0.02710192
사랑하는 사람을 보호하고 보험 갱신을 통해 보험 갱신을 통해 지속적인 혜택을 누리십시오. 소멸을 방지하기 위해 최대한 빨리 2월에 지불하십시오. 자세한 내용은 이미 지불한 경우 무시하십시오. 자세한 내용은 canara hsbc obc 생명 보험에 전화하십시오.,0,0.02730174,True,0.02730174,0.9726983
최고 대학에서 MBB 공부미국러시아필리핀중국 <MONEY> 부터 시작 무료숙소대출 지원 eduworld,0,0.02745495,True,0.02745495,0.9725451
알림 귀하의 Bmo Bank 계좌가 정지되었습니다. 계좌를 잠금 해제하려면 여기를 클릭하십시오. __URL_0__ 1KVFRmf,0,0.027865628,True,0.027865628,0.9721344
"PAY T.M 고객 여러분, 귀하의 K.Y.C가 정지되었습니다. PAY T.M K.Y.C를 확인하려면 즉시 XXXXXXXXXX에 전화하세요. 계정은 XX시간 이내에 차단됩니다.",0,0.028025385,True,0.028025385,0.97197455
추가 유효 기간 제안 rs로 재충전할 때 하루 추가 유효 기간을 얻습니다. 하루 동안 psec에서 모든 칼로리를 즐기거나 시간 단위로 cal 추가 유효 기간을 얻습니다.,1,0.028325964,True,0.9716741,0.028325964
naaptol 공화국 데이 세일 셰필드 인 슬라이서 정액 다이서만 클릭 bitlyrbdn 오늘만 특별 제안 tc 적용,0,0.028359199,True,0.028359199,0.97164077
FreeMsg>좋아하는 크리스마스 톤!진짜 답장,0,0.028570153,True,0.028570153,0.9714299
"친애하는 소비자님, paytm을 통해 bses 청구서를 지불하세요. RS 쿠폰 코드까지 캐시백을 받으세요. bsesbses tc에서 지불할 청구서를 참조하세요. httpmpytmbses를 클릭하세요.",0,0.028637366,True,0.028637366,0.97136265
"친애하는 구독자 여러분, 요청 번호에 대한 귀하의 DishTV 우려 사항은 다른 문의 전화에 대한 해결 없이 종료된 이유 때문에 종료되었거나 즉각적인 콜백을 위해 SMS로 Meto에게 전화를 걸었습니다.",0,0.02875767,True,0.02875767,0.9712423
madzmobile은 모든 인도의 비즈니스 대량 SMS에 대해 무제한 메시지를 보내는 모바일 메시징 안드로이드 앱입니다 httpsgooglazmt 다운로드 n 무료 SMS 받기,0,0.02919506,True,0.02919506,0.9708049
오늘 오후 1시 55분 FedEx 패키지 발송 예정일 1z <NUM> 연기 예정 여기에서 꼭 확인하세요 19fxv.info/dxo XX M,0,0.029241709,True,0.029241709,0.9707583
hotmail.com,0,0.029318133,True,0.029318133,0.97068185
슈퍼 프라이데이 구매 시 남성 셔츠 무료 제공 httpysmrtlnkinbcrxir 탑만 httpysmrtlnkinqyknuc,0,0.02932171,True,0.02932171,0.9706783
"vodafone 고객 여러분, 계정을 관리하는 더 스마트한 방법을 확인해보세요. vodafone 앱을 다운로드하세요 httpsgoogluhtxfx",0,0.029488776,True,0.029488776,0.97051126
g 고속 mts wifi 데이터 카드 무료 ogb 데이터 무료 전원 어댑터 무료 바이러스 백신 무료 택배 callo mrp rs 하루 제공 가격 rs 전용 의존 후불 sim 무제한localcallsstd인터넷 데이터 로밍 계획 mnp pho,0,0.029514229,True,0.029514229,0.97048575
으아아아아아아아아아아아아아아아아아아아아아아아아아아아아아아아아아아아아아아아아아아아아아아아아아아아아아아아아아아아아아아아아아아아아아아아아아아아아아아아아아아아아아아아아아아아아아아아아아아아아아아아아아아아아아아아아아아아아아아아아아아아아아아아아아아아아아아아아아아아아아아아아아아아아아아아아아아아아아아아아아아아아아아아아아아아아아아아아아아아아아아아아아아아아아아아아아아아아아아아아아아아아아아아아아아아아아아아아아아아아아아아아아아아아아아아아아아아아아아아아아아아아아아아아아아아아아아아아아 델리에서는 현금이 전혀 없어요 정말 이 사이트만 믿지 마세요,1,0.029603893,True,0.97039616,0.029603893
"친애하는 고객 여러분, 귀하의 DND SR SRO <NUM> LX3 우려되는 교환원은 신고 번호 SMS 발신자 ID의 사용 내역이 텔레마케팅 활동을 나타내지 않음을 되돌렸습니다. 따라서 신고된 번호 SMS 발신자 ID에 대해 아무런 조치도 취하지 않습니다",0,0.029645553,True,0.029645553,0.9703544
by SMSCaster.com Apple 의심스러운 활동으로 인해 귀하의 Apple Pay가 정지되었습니다. 자세한 내용은 <URL> 참조하세요.,0,0.029763287,True,0.029763287,0.97023666
omveds 유기농 홀리 색상으로 색상 축제를 축하하세요. 더 흥미로운 거래를 위해 무료로 구매하세요. Market City kurla 또는 wwwomvedcomshop tc를 방문하세요.,0,0.029881349,True,0.029881349,0.97011864
"PAYTM 스토머 님, 귀하의 Paytm KYC가 만료되었습니다. 고객 관리 번호 <NUM> C3 즉시 귀하의 계정이 XX시간 이내에 차단됩니다. 감사합니다 PAYTM TEAM",0,0.030031383,True,0.030031383,0.9699687
r u는 Insurancemfrealestateloans와 거래하고 있습니다. 리드 시장을 다운로드하고 HNI 고객에게 가치 있는 RS를 얻으세요. 고객 리드는 무료로 전화하거나 googlhcngr을 클릭하세요.,0,0.030050928,True,0.030050928,0.969949
안녕하세요 Diptendu Bhattacharya입니다. 귀하의 Airtel 번호에 원치 않는 전화/SMS와 관련된 불만 사항이 등록되었습니다. 참조 번호 XX-XXXXXXXXXXXXX 날짜 2022년 2월 25일입니다. 우리가 동일한 작업을 수행하고 2022년 9월 3일까지 업데이트로 다시 연락드리겠습니다. 또는 Airtel Thanks App(u.airtel.in/c_srtrck)에서 참조 번호 상태를 확인할 수도 있습니다.,0,0.030100947,True,0.030100947,0.969899
오늘의 핫한 여름 프로모션 라운드넥 티셔츠 특별 프로모션은 미스콜만 제공됩니다. 약관 조건 적용,1,0.030120488,True,0.9698795,0.030120488
"Airtel SIM 고객 여러분, 귀하의 KYC가 일시 중지되었습니다. 검증된 Airtel SIM KYC로 즉시 XXXXXXXXXX에 전화하십시오. 귀하의 계정은 XX시간 이내에 차단됩니다.",0,0.03012705,True,0.03012705,0.969873
현재 보상을 유지하려면 PC Optimum 계정을 확인하세요. 1pcoptimumOnline.com XXXX를 참조하세요.,0,0.030282442,True,0.030282442,0.9697176
안녕하세요 가혹시타 메튼 플랫 오프 매장에서 RS 할인을 받으려면 codezpennyvisit를 사용하세요. httpgoogleklgy SMS stopzivamesms를 선택 해제하려면,0,0.030458301,True,0.030458301,0.9695417
"PAYTM 친애하는 고객님께, 귀하의 paytm KYC가 일시 중지되었습니다. Paytm 사무실 pH XXXXXXXXXX에 즉시 전화하십시오. XX시간 이내에 귀하의 paytm 계정이 차단됩니다. 감사합니다 paytm 팀",0,0.03051912,True,0.03051912,0.9694809
rs 재충전 성공 로밍 중 무료 수신 및 일 동안 표준 요금으로 발신 최고의 제안을 위한 잔액 확인 다이얼,0,0.030680481,True,0.030680481,0.96931946
3. 모바일 콘텐츠를 받았습니다. 즐기다,1,0.030935362,True,0.9690646,0.030935362
맛있는 음식이 먹고 싶어서요 여기 일요일까지 쉬지 마세요 httpgetboxin 지금 주문하세요 최소 주문 금액 코드 boxtreat,0,0.030942768,True,0.030942768,0.9690572
벤 하르수 임프 업데이트 잽 무료 호 알려줘,0,0.031200325,True,0.031200325,0.9687997
스타일 버즈 최신 추천 및 지금 당장 인기 있는 모든 항목을 지금 라임로드 앱의 신상품 매장에서 확인하세요 mdealcotmjmmtcnda,0,0.031283684,True,0.031283684,0.9687164
리갈 로시아가 당신의 생일을 진심으로 축하하며 이 특별한 날에 RS 할인을 제공합니다. 쇼 코드 wjadz는 몇 주 동안 유효합니다.tnc는 부재중 전화를 수신 거부할 수 있습니다,0,0.03128874,True,0.03128874,0.9687112
재고가 소진되기 전에 좋아하는 제품을 최대 30 할인받을 수 있는 마지막 기회입니다. 가장 가까운 Cambridge 매장을 방문하거나 온라인 쇼핑을 해보세요: thecambridgeshop.com,0,0.03150436,True,0.03150436,0.96849567
gaur yrs 축하 행사는 제한된 단위만 제공됩니다. k 가족 중 상업 공간 lac는 4월 ph까지 gms 금화 무료 제공을 받습니다.,0,0.031548906,True,0.031548906,0.9684511
라 수 있습니다. 첫 번째 급여는 불운이 아니더라도 사람들을 대해야 합니다.,1,0.031606257,True,0.96839374,0.031606257
"친애하는 고객님께, 귀하의 patyam KYC는 patyam 사무실 PH XXXXXXXXXX 계정이 일시 중지되었습니다. 24시간 내에 계정이 차단됩니다.",0,0.031651273,True,0.031651273,0.9683487
안녕하세요 Andreu. 저는 집회에 참석했습니다. 그럼 2일 동안 최선을 다하시길 바랍니다. 신께서 당신의 여행을 축복해 주시기를 바랍니다. 좋은 하루 되세요.,1,0.03174778,True,0.96825224,0.03174778
"안녕하세요, 이제 4G SIM으로 업그레이드하세요. 4GB 데이터를 무료로 받으세요. Vodafone 대리점을 방문하여 무료 4G SIM을 받으세요. 오후 6시 54분",0,0.031837422,True,0.031837422,0.9681626
"시간이 걸리고 몇 가지를 기억해야 할 것입니다. 내 말은 그녀가 어떻게 행동하는지, 왜 그녀가 행동하는 방식에 대한 당신의 인식이 나에게 중요하다는 뜻입니다. 왜냐면 사람들은 그녀에 대한 의견이 다르고 나는 다르기 때문에 당신의 의견이 긴급해야 하기 때문입니다. 중소기업의 이유로 인해 와이즈 매크로 마이크로 가라앉은 머리가 아파요 안녕 가야 나는 가장 냉담한 마케팅을 취했습니다",1,0.03201769,True,0.9679823,0.03201769
나노가 길가에서 고장이 나니 BMW가 멈춘다 늙은 운전자를 도와주겠다. 내가 너무 빨리 운전하면 당신을 D NXT 주유소로 견인할 것이다. 당신의 조명을 깜박여 그들이 천천히 설정했지만 포쉐의 속도는 한 시간에 마일을 넘기고 BMW 운전자는 포르쉐가 지나간 뒤 d 나노건에 대해 잊어버렸다. 마치 그들 모두가 과속 트랩을 뚫고 경찰이 본부에 무전을 보내는 것과 마찬가지로 내가 BMW 포르쉐가 한 시간에 마일을 넘어서 올라가고 있다는 것을 믿을 수 없을 것이다. 추월하기 위해 빛을 깜박이는 나노,1,0.032061543,True,0.9679385,0.032061543
무료 일수를 얻을 수 있는 bachat ka 공식 제안으로 몇 달 동안 접시TV를 충전해 주셔서 감사합니다. 전에 부재중 전화를 주세요,0,0.032276604,True,0.032276604,0.9677234
오늘 여행을 떠나세요. 호텔 숙박은 무료입니다. 즉시 할인 캐시백 코드 mmtnow tc 신청 httpbitlysjlepb,0,0.03257695,True,0.03257695,0.967423
다음 주 청구서 마감일 XX 2월 XX AIRTEL XX XX 2월 XX LIC XX 모든 은행을 위한 Walnut One 앱으로 비용 청구서를 추적하세요 <URL>,0,0.032794226,True,0.032794226,0.9672058
SportsBetting 계정 스포츠 카지노 경마 자세한 정보는 msg me wa.me/ <PHONE>,0,0.033025336,True,0.033025336,0.9669747
Mughals zayqaelucknow는 훌륭한 맛과 놀라운 거래를 제공합니다. 비리야니를 구매하고 무료로 mutnchikndlvrs min ordr rsvld til thmarcal을 받으세요.,0,0.033137407,True,0.033137407,0.96686256
Pytm 문서 업그레이드가 취소되어 Pytm 금액과 지갑을 보관합니다. Pytm PH XXXXXXXXXX 팀 PYTM을 업그레이드하려면 고객 관리 센터에 문의하세요.,0,0.03338526,True,0.03338526,0.96661466
낮은 투자로 사업을 시작하십시오. RO 정수기 산업이 성장하면서 높은 수익을 얻습니다. Klacpm을 얻으십시오. wwwaquasoftroin 전화를 방문하십시오.,0,0.0334403,True,0.0334403,0.96655965
안녕하세요 비님. 좋네요 2 koe u 2! 저는 25살입니다. 지금 일하고 계시나요? 전화번호로 문자 메시지를 보내 직접 채팅할 수 있도록 전화번호를 알려주실 수 있나요?,1,0.03345729,True,0.9665427,0.03345729
"친애하는 Patyam 고객 여러분, 귀하의 KYC가 일시 중지되었습니다. Patyam 사무실 PH XXXXXXXXXX 계정이 24시간 내에 차단됩니다. 감사합니다",0,0.03350026,True,0.03350026,0.96649975
행복한 수요일 프로모션. MB당 sar에 한해 인터넷 사용량 할인 혜택을 누리세요. 이번 주 프로모션을 구독하려면 wda를 무료로 보내주세요.,0,0.03370089,True,0.03370089,0.9662991
XX Ps에 대량 SMS 보내기 2Factor.in의 기간 한정 제안 즉시 배송 DND로 전달 발신자 ID 사용 <URL>,0,0.033738684,True,0.033738684,0.96626127
긴급 이번이 두 번째로 U에 연락을 시도한 것입니다. 어제 받은 900의 상금이 아직 수령을 기다리고 있습니다. 청구하려면 지금 전화하세요 <PHONE>,0,0.033815682,True,0.033815682,0.96618426
긴급 이번이 두 번째로 U에 연락을 시도한 것입니다. 어제 받은 900의 상금이 아직 수령을 기다리고 있습니다. 청구하려면 지금 전화하세요 <PHONE>,0,0.033815682,True,0.033815682,0.96618426
1) 메시지 쓰기로 이동 2) 사전 모드로 전환 3) 손으로 화면을 가리고 4) lt 누르기,1,0.03391198,True,0.966088,0.03391198
무료 인기 벨소리 - 주간 벨소리 하위 - 첫 주 무료 받기 - <NUM> 로 SUBPOLY 보내기 - 주당 3개 - SMS 중지 - <PHONE>,0,0.034045313,True,0.034045313,0.96595466
"Patyam 고객 여러분, 귀하의 KYC가 일시 중지되었습니다. Patyam Office PH XXXXXXXXXX 계정이 24시간 내에 차단됩니다.",0,0.034123823,True,0.034123823,0.9658762
키트 스트립 - 150p가 청구되었습니다. Netcollex Ltd. PO Box 1013 IG11 OJA,1,0.034161337,True,0.9658386,0.034161337
gb g 데이터일 wynk에서 무제한 노래 다운로드 음악 요금 적용 httpwynkinmuairtelclick에서 무료 영화 httpmowynkin,0,0.034630712,True,0.034630712,0.9653693
Aramex pkg 관련 공지:aramenal.net 핀치로 확대 또는 축소,0,0.034877818,True,0.034877818,0.9651221
"SBI YONO 사용자님께, 오늘 A/C가 차단됩니다. KYC용 PANCARD를 업데이트하세요. Netbanking KYC로 계정을 확인하세요. 여기를 클릭하세요.",0,0.034932274,True,0.034932274,0.96506774
버스 티켓 최대 할인 무료 요금을 사용하여 레드버스 결제 서둘러 혜택은 오늘만 유효합니다. 지금 예약하세요 httpbitlyywxx,0,0.035086636,True,0.035086636,0.9649134
안녕하세요 스타 바자회에서는 rs에 대한 청구서를 제공합니다. rs에 해당하는 쇼핑 바우처를 무료로 받으세요. 지금 storerush에서 더 다양하고 흥미로운 제안을 받을 수 있습니다.tc,0,0.03534188,True,0.03534188,0.9646581
4월 오전에 재충전 완료 mrprs pf 수정된 staxrs talktimers 밸런서 transid 혜택gb g 데이터 일 wynk에서 무제한 노래 다운로드 음악 요금 적용 httpwynkinmu airtelclick에서 무료 영화 httpmowynkin,0,0.03535718,True,0.03535718,0.96464276
미안해요 :( 그 어떤 것도 당신을 공격한 것이 아니라는 것만 알아두세요. 당신은 최고의 여자친구예요,1,0.035389986,True,0.96461004,0.035389986
Anjana는 매일 XXXX-XXXXX 페소를 벌 수 있는 아르바이트를 긴급하게 모집합니다. Whatsapp wa.me/ <PHONE> 4를 추가하세요.,1,0.03555257,True,0.9644474,0.03555257
여전히 현금 쇼핑을 온라인으로 사용하고 친구들과 청구서를 나누어 보내는 것은 탭 한 번만으로 쉽습니다. 지금 감귤 지갑 앱을 확인해 보세요 httpsgooglnhrnlx,0,0.035590537,True,0.035590537,0.9644095
페프리코는 랜턴을 흔들러 왔습니다. 마침내 오늘 밤 오후에 랜턴 주방을 방문합니다. 커플을 위한 음식에서 내리세요. 에서 예약 가능,1,0.03565536,True,0.9643446,0.03565536
이번 새해에 3N 4D 무료 크루즈 여행에 대한 귀하의 Can 후보 목록을 축하합니다. 여기에서 자세한 내용을 확인하세요 bz1.in/SUP/WNFRnrb,0,0.03569783,True,0.03569783,0.9643021
"Moaziz sarif, aap Jazz Mobile Magazine ky liye Rs.1.20 tax/day fee ho rahay hain. 서비스 ko khatam kernay kay liye UNSUB likh kar 7660(sms bhejain당)",0,0.035787806,True,0.035787806,0.9642121
rs용 fc 앱에서 프로모션코드 ilovefc로 거래하고 최대 rs 캐쉬백을 받으세요 tc frchinilovefc 팀 무료 요금 적용,0,0.03588954,True,0.03588954,0.9641105
"Stereophonics, Marley, Dizzee Racal, Libertines 및 The Strokes의 최신작입니다! Flirt로 Nookii 게임에서 승리하세요!! TheMob WAP 북마크를 클릭하거나 WAP 문자를 <NUM> 로 보내세요.",0,0.036067925,True,0.036067925,0.96393204
XXP에서 대량 SMS 보내기 2Factor.in의 제한된 시간 제안 즉시 배달 DND로 전달 발신자 ID 대체 경로 사용 <URL>,0,0.036330827,True,0.036330827,0.9636692
영화 보기 돈 벌기 최대 1개월 동안 캐시백 받기myshow on bookmyshow 웹사이트앱mpesa 앱 다운로드하기tinyurlcomgr,0,0.036426224,True,0.036426224,0.96357375
잭 앤 존스 베라 모다(Jack N Jones Vera Moda)에서 최고로 멋진 스타일을 믿을 수 없는 가격에 구매하세요. 아이코닉고샬라 로드 TC로 달려가세요,1,0.03643945,True,0.9635606,0.03643945
파라다이스 엔클레이브 부문 mohali의 abbelo 유기농 식품에 대해 더 알고 싶으시면 3월에 참여하세요. 또한 특별 제안 공짜도 받아가세요 wwwabbelocom,0,0.036469486,True,0.036469486,0.9635305
포켓 인터넷 팩이 성공적으로 활성화되었습니다. 하루 동안 MB G 인터넷을 즐기세요. 자조 옵션을 위한 aircel 앱을 다운로드하세요. SMS 앱을 사용하려면,0,0.036489945,True,0.036489945,0.9635101
승리: 우리에게 승자가 있습니다! Mr. T. Foley가 iPod을 받았습니다! 더 흥미로운 상품이 곧 출시될 예정이니 모바일을 계속 지켜보시거나 <URL> 방문하세요.,0,0.03657976,True,0.03657976,0.9634203
오후에 재충전 성공 mrprs 혜택 유효성gb 데이 wynk 구독자 무료 데이,0,0.03663088,True,0.03663088,0.96336913
fabhotels 주말 세일 도시의 프리미엄 스타 호텔을 저렴하게 예약하세요 서둘러 전화하세요 지금 예약하세요 무료 아침 식사 wifi tc,0,0.036664844,True,0.036664844,0.96333516
긴급한! 오늘의 추첨 결과 귀하가 보장된 상금 800에 당첨되었음을 알려드립니다. 유선 전화에서는 <PHONE> 으로 전화하세요. J89를 주장하세요. 사서함245c2150pm,0,0.03668847,True,0.03668847,0.9633115
온라인인 경우 다음 링크로 이동하십시오: Skillineers.com,0,0.036870897,True,0.036870897,0.9631291
GB의 데이터를 얻고 비디오 노래 등을 에어텔에서만 RS에서 즐기며 SMS 인터넷 또는 전화 걸기 서비스를 이용할 수 있습니다.,0,0.036904562,True,0.036904562,0.96309537
안녕하세요. 이제 myvodafone 앱을 통해 보너스 팩 활성화 세부 잔액과 유효성을 확인하세요. httpmvodafoneinvfapp을 방문하여 브라우징 chrgs applicab을 다운로드하세요.,0,0.03702091,True,0.03702091,0.9629791
오전부터 3월까지 oriflame holi 특별 활동으로 색상 축제를 축하하세요. 자세한 내용은 즉시 상환 확인 웹사이트에서 확인하세요.,0,0.037144795,True,0.037144795,0.96285516
수신자 부담 전화로 영화 노래를 dailer 톤으로 설정하고 lacs gold ac 수신자 부담 전화로 전화하세요.,0,0.03717848,True,0.03717848,0.9628216
wap의 월별 비밀번호. mobsi.com은 <NUM> 입니다. PC가 아닌 왑폰을 사용하세요.,0,0.03735687,True,0.03735687,0.96264315
여성의 날 특별 제안으로 컴퓨터 강좌 할인을 받으세요. 유효한 3월 제안을 서두르세요. 슈리 컴퓨터 연구소,1,0.037366714,True,0.9626333,0.037366714
FreeMSG 무료 미니 디지털 카메라를 받았습니다. SNAP에 답장을 보내 상품을 받으세요! (퀴즈클럽 탈퇴하시겠습니까? 중지 <NUM> p/wk SP:RWM Ph: <PHONE> ),0,0.037409265,True,0.037409265,0.96259075
Relaxothaispa의 취임식 모든 마사지 써니 구매 타이 마사지 태국 치료사가 무료로 마사지 받기,0,0.03746558,True,0.03746558,0.9625344
ANZ 22년 5월 5일에 XXXX NZD가 새로 공제됩니다. 결제를 확인하거나 다음을 통해 취소하세요.,0,0.037510943,True,0.037510943,0.96248907
판매당 토론이지만 판매당 rs만 적립됩니다.,0,0.037512466,True,0.037512466,0.9624875
카메라 - SiPix 디지털 카메라를 받았습니다! 유선전화로 <PHONE> 번으로 전화하세요. 28일 이내 배송,0,0.037616685,True,0.037616685,0.9623833
수입을 두 배로 늘리고 에 가입하세요. <URL>,1,0.037653986,True,0.9623461,0.037653986
수입을 두 배로 늘리고 에 가입하세요. <URL>,1,0.037653986,True,0.9623461,0.037653986
르에 도달했습니다. 나는 아래층에 있습니다.,1,0.037798822,True,0.9622011,0.037798822
승리하신 것을 축하합니다. 귀하는 8월 1000 경품 추첨의 우승자가 되셨습니다. 지금 <PHONE> 으로 전화하세요. 상품 코드 2309.,0,0.03810828,True,0.03810828,0.9618918
나는 olacabs 앱을 통해 자동차를 예약했습니다. 여기 내 운전기사 세부정보가 있습니다. 운전자 이름 raghavendra 운전사 번호 olacabs 앱을 사용해 보세요. 여기에서 다운로드하세요 wwwolabzb,0,0.03818008,True,0.03818008,0.96181995
"안녕하세요, 릴라이언스에서는 Wi-Fi로 신년 대박을 제공합니다. MPBS 속도 Wi-Fi를 구입하고 배터리 뱅크를 완전 무료로 받으세요.",0,0.038241483,True,0.038241483,0.96175855
"안녕하세요, 릴라이언스에서는 Wi-Fi로 신년 대박을 제공합니다. MPBS 속도 Wi-Fi를 구입하고 배터리 뱅크를 완전 무료로 받으세요.",0,0.038241483,True,0.038241483,0.96175855
큰 제안 RS 식료품점 할인 혜택 RS 가치의 공짜 혜택 추가 할인 코드 ss 최소 주문 Askmegrocery httpgooglatunf tc 방문,0,0.038306136,True,0.038306136,0.9616938
HOME DEPOT과 함께 XXXX를 축하하고 충성심을 위해 X 선물을 선택하세요 <URL>,0,0.038433734,True,0.038433734,0.96156627
"안녕하세요, Jon, Pete입니다. 저는 최근에 스페인을 2번 떠났고, 지난번에 식당을 떠났습니다. Bill은 당신이나 당신의 임대인이 관심을 가질 수도 있다고 말했습니다. 저는 12,000pes를 가지고 있으니 짙48,TB 정도입니다, James.",0,0.038509417,True,0.038509417,0.9614906
이 메시지는 귀하의 모바일 콘텐츠 주문에 대한 것입니다. 이전 시도가 네트워크 오류로 인해 실패하여 재전송되었습니다.customersqueries netvision.uk.com으로의 쿼리,0,0.03879376,True,0.03879376,0.9612062
"하하 쟨! 좋은거 찾으시길 바랍니다! 당신이 돈을 지불한 걸 알아요. 그냥 돈을 세어 봤어요._. tmr 갚을게요 알았어! 소피가 지갑을 잃어버렸는데, 지금 우리는 그녀가 지갑을 찾으려고 애쓰는 동안 그녀의 방에서 게으른 시간을 보내고 있습니다!",1,0.038863063,True,0.96113694,0.038863063
슈퍼 IN! 70 는 Converse 신발이 IN 상태라고 말하고 30 만이 OUT In 또는 Out 상태라고 말하지만 확실히 보기에 좋고 착용하기 편합니다. 처음으로 놓쳤나요? 다시 투표하세요! 컨버스 신발의 IN과 OUT은 무엇이라고 생각하시나요? 인/아웃,1,0.038892873,True,0.9611071,0.038892873
푸마와 함께 시작해보세요. 푸마 사 몰 사다르 바자르 자발푸르 TC에서 주말까지 진행 중인 세일을 통해 추가 혜택을 받으실 수 있습니다,0,0.03925116,True,0.03925116,0.9607488
사적인! 078에 대한 2003년 계정 명세서,0,0.039276455,True,0.039276455,0.9607236
오늘의 Voda 번호는 7548로 끝나며 <MONEY> 의 상금을 받게 됩니다. 일치하는 경우 <PHONE> 으로 전화해 청구 코드 4041 표준 요율 앱을 알려주세요.,0,0.039409313,True,0.039409313,0.9605907
오늘의 Voda 번호는 5226으로 끝나며 ?350 상을 받게 됩니다. 일치하는 경우 <PHONE> 으로 전화하여 청구 코드 1131 표준 요금 앱을 알려주세요.,0,0.03942706,True,0.03942706,0.96057296
새로운 음성메일이 1개 있습니다. <PHONE> 으로 전화주세요,1,0.039512202,True,0.9604877,0.039512202
새로운 음성메일이 1개 있습니다. <PHONE> 으로 전화주세요,1,0.039512202,True,0.9604877,0.039512202
paytm에서 전기 요금을 지불하고 lakh 캐시백을 받을 수 있는 기회를 얻으십시오. codelakhpati tc 신청 지금 httpmpytme를 방문하세요 paytmkaro,0,0.039673667,True,0.039673667,0.9603263
교통 경로 자문 업데이트를 위해 뭄바이 교통 경찰 정보 헬프라인에 전화하고 뭄바이 경찰이 제공하는 Google Play 스토어에서 mtp 앱을 다운로드하세요.,0,0.0398906,True,0.0398906,0.96010935
블렌드의 lmtd 공석idmktngback ofc 기술기계전기소매호텔전화 cntrtsobdmsal kkinctcall freshexp 신청 가능,0,0.04036828,True,0.04036828,0.9596317
손쉬운 세계 여행을 경험해 보세요. Zong 4G의 로밍은 100개 이상의 국가에서 안정적인 연결을 제공합니다. 경계 없는 추억을 만드세요. __URL_0__,1,0.040372364,True,0.9596276,0.040372364
최근 보내드린 대체 직불카드를 사용하지 않으신 것으로 확인됩니다. 카드를 받지 못하신 경우 XXXXX XXX XXX번으로 전화해 주시면 도와드리겠습니다.,0,0.040528353,True,0.040528353,0.95947164
"안녕하세요 Mary, 월요일에 새로운 Trudeau 탄소세가 부과되므로 차에 기름을 채우는 것을 잊지 마세요. <URL> 세금 반대에 이름을 추가하세요.",0,0.04055236,True,0.04055236,0.9594476
"안녕하세요, Airtel Xstream Fiber 연결에 대한 귀하의 요청을 받아 기쁘게 생각합니다. 당사 담당자가 2021년 12월 7일 17:30 18:00에 귀하에게 연락할 것입니다. 자세한 내용을 알아보려면 airtel.in/broadband를 방문하십시오.",0,0.04062309,True,0.04062309,0.959377
입학 마감일 3월 22일 MBA PG 졸업장 Pharma Mgmt 100 배치.지금 등록하세요!011- <NUM> / <NUM> 로 전화하거나 <URL> 방문하세요.,0,0.040766038,True,0.040766038,0.95923394
계정 확인 귀하의 Apple ID는 이메일입니다,1,0.040803175,True,0.95919687,0.040803175
"안녕하세요, 지금 시간에 방해가 되어 죄송합니다..정말 도움이 필요합니다..하지만 바쁘지 않은 경우, 마음이 둔한 경우, 방해가 되지 않는 경우에는 할 수 없는 경우에만 이 SMS를 지워주세요!",0,0.040948384,True,0.040948384,0.95905167
새로운 비디오 단말기를 원하시나요? 750 네트워크 분은 언제든지 가능합니까? 무제한 텍스트? 캠코더? del Sat AM의 경우 지금 <PHONE> 로 답장하거나 전화하세요.,0,0.041113675,True,0.041113675,0.9588863
카메라 - SiPix 디지털 카메라를 받았습니다! 유선전화로 <PHONE> 번으로 전화하세요. 28일 이내 배송.,0,0.041192144,True,0.041192144,0.9588078
매주 2회 무료 참가로 iPod 당첨 기회를 얻으세요. 항목을 얻으려면 <NUM> 로 POD를 전송하세요(표준 전송 속도). 자세한 내용은 T C <PHONE> 에 문의하세요. 18세 이상,0,0.041293014,True,0.041293014,0.95870703
저희 휴대폰 번호는 5000에 당첨되었습니다. 청구하려면 다시 전화하거나 청구 핫라인 <PHONE> 로 전화하세요.,0,0.041416045,True,0.041416045,0.9585839
"고객님께, 귀하의 ATM 카드가 아직 확인되지 않아 주립 은행에서 차단되었습니다. ATM 카드를 계속 사용하고 싶으시면 저희에게 연락해주세요 <PHONE>",0,0.041465018,True,0.041465018,0.95853496
의존 시장의 주말 가격 인하 shahibaug kg 양파 rs만 kg r 값 jeerasar 쌀 rs는 3월 tc까지 유효함,1,0.04153556,True,0.9584644,0.04153556
바로 여기 쌍둥이 도시를 위한 아주 괜찮은 미니 데시 음식 가이드가 있습니다. Hasnain을 공유해주셔서 감사합니다,0,0.04157294,True,0.04157294,0.9584271
easydawai를 친척 친구에게 알려주세요. 자세한 내용은 전화할 때까지 유효한 로열티 보너스로 총 청구액을 받습니다.,0,0.041599263,True,0.041599263,0.9584008
kfc super s bucket rs pc로 각각 뜨겁고 바삭한 핫 윙 뼈 없는 스트립으로 즐기세요. 전화 또는 온라인 주문 httpkfccoin tc 적용,0,0.041730426,True,0.041730426,0.95826966
"친애하는 고객, Amazon Network India에서 선물을 받았습니다. 등록 후 행운권 추첨 콘테스트를 주최했습니다. 자동차 TATA SAFARI 또는 현금 Rs XXXXXXX를 선택하실 수 있습니다. 문의처 <PHONE> , <PHONE> XXXXXXXXXX 여기를 클릭하세요 __URL_0__",0,0.0418029,True,0.0418029,0.95819706
"vishal megamart t 특별 제안, 3월 3일까지 RS 쇼핑 시 애완동물 병을 무료로 받으세요. 서둘러 TNC",0,0.042164877,True,0.042164877,0.95783514
이는 SMS 효율성 분석이라는 명예의 해 프로젝트에서 본 기능이 작동하는지 테스트하기 위한 것입니다.,0,0.04217511,True,0.04217511,0.9578248
Anna가 지금 막 프로그램을 마쳤습니다... 서류를 표시하려고 합니다.. 내일 넘겨야 합니다.. Anna는 내일도 문자를 보낼 수 없습니다. 또는 동료가 담당하고 있습니다..청구할 방법이 없습니다.. 꺼질 수도 있습니다..gn.Gbu,1,0.042302832,True,0.95769715,0.042302832
크리스마스에 무엇을 원하세요? 100통의 무료 문자 메시지와 반값 회선 대여가 가능한 새로운 비디오폰은 어떻습니까? 자세한 내용을 알아보려면 지금 0800 <NUM> 로 무료로 전화하세요!,0,0.042339932,True,0.042339932,0.9576601
크리스마스에 무엇을 원하세요? 100통의 무료 문자 메시지와 반값 회선 대여가 가능한 새로운 비디오폰은 어떻습니까? 자세한 내용을 알아보려면 지금 0800 <NUM> 로 무료로 전화하세요!,0,0.042339932,True,0.042339932,0.9576601
Yoyo weitieng 미안해요 늦을 것 같아요! 교통체증에 갇혔어요><,1,0.04261467,True,0.9573853,0.04261467
"U는 Shinco DVD Plyr에서 simonwatson5120보다 높은 가격을 제시했습니다. 2 다시 입찰하고 SMS를 방문하세요. ac/smsrewards 2 입찰 종료 알림, 답장 END OUT",0,0.04271036,True,0.04271036,0.9572896
팩 다시 로드를 시작하려면 SMS 다시 로드 또는 다시 로드 공간을 등록된 휴대폰 번호 팩에서 5월까지 유효합니다.,0,0.042980004,True,0.042980004,0.95702004
델리에서 처음으로 바티카(vatika)는 lac에서 시작하는 dwarka 고속도로에 bhk 아파트를 출시했습니다. 가구가 완비된 고급 아파트입니다. 최고의 위치 통화,0,0.043091703,True,0.043091703,0.9569083
사적인! <PHONE> 에 대한 2004년 계정 명세서에는 사용하지 않은 보너스 포인트가 786점으로 표시됩니다. 청구하려면 <PHONE> 로 전화하세요. 식별 코드: <NUM> 만료,0,0.04316349,True,0.04316349,0.9568365
FEDEX: URL_0__ 패키지를 배송할 수 없습니다.,1,0.043242432,True,0.95675755,0.043242432
코로나 패스를 신청하세요. 신청하지 않으면 벌금이 부과될 수 있습니다. my.nhs get-pass.com에서 신청할 수 있습니다.,1,0.043317333,True,0.9566827,0.043317333
아이팟을 얻을 수 있는 기회를 얻기 위해 매주 2회에 참가하세요. 항목을 얻으려면 <NUM> 로 POD를 전송하세요(표준 전송 속도). 자세한 내용은 T C <PHONE> 에 문의하세요. 18세 이상,0,0.043344222,True,0.043344222,0.95665574
캐쉬백 제안을 이용해주셔서 감사합니다. 문제가 발생한 경우 몇 시간 내에 무료 충전 크레딧으로 캐쉬백을 받을 수 있습니다. carefreechargecom에 문의해 주세요.,0,0.043702498,True,0.043702498,0.95629746
긴급 이번이 두 번째로 U에 연락을 시도한 것입니다. 어제 받은 900의 상금이 아직 수령을 기다리고 있습니다. 청구하려면 지금 전화하세요 <PHONE> . ACL <NUM> PM,0,0.043708418,True,0.043708418,0.9562916
noida xway pe apna 음모 수취인 sirf lac mein pakki 대출 기관이 있는 문이 있는 사회의 레지스트리 돌연변이 플롯만 이용 가능,0,0.043971427,True,0.043971427,0.9560286
noida xway pe apna 음모 수취인 sirf lac mein pakki 대출 기관이 있는 문이 있는 사회의 레지스트리 돌연변이 플롯만 이용 가능,0,0.043971427,True,0.043971427,0.9560286
HDFC 은행 가상 RM Krishna Sanjay 고객님께 연락해 보세요. Summer Treats 제안으로 돌아왔습니다. 자세한 내용을 알아보려면 XXXXXXXXXX의 RM과 연결하세요.,0,0.044191826,True,0.044191826,0.9558081
구독하는 날에 세상과 우주 구석구석에서 뉴스를 받기 시작합니다.,1,0.044408094,True,0.9555919,0.044408094
시간과 이유는 없음 플랫 추가 할인을 기다립니다 rs mobikwik 캐시백 코드 추가 상점 지금 남성 httpmsgmnjm 여성 httpmsgmnjf,0,0.044784706,True,0.044784706,0.9552153
중요 공지 사항 회장에 관심이 없거나 과반수를 다시 차지할 경우 XXXX 멤버십을 무시하십시오 만료됨 즉시 갱신 <URL>,0,0.045013953,True,0.045013953,0.95498604
최고의 피부를 위한 5가지 스킨케어 팁을 알려드립니다! 무료 동영상 링크를 클릭하세요: __URL_0__,0,0.045249447,True,0.045249447,0.95475054
"Discovery Gardens by Falaknaz Group 이슬라마바드 M2 고속도로 5 Marla 부지 이용 가능 계약금: 400,000 할부: 15,625 예약: <PHONE> 1",0,0.045819174,True,0.045819174,0.9541808
지금 아니면 절대 Limeroad에서 사지 마세요 다른 건 공짜로 사세요 자랑은 안 하지만 드레스 kurtas 가방 신발은 손에 쥘 수 있습니다 go Limeroadmeiteqn,1,0.045850575,True,0.9541494,0.045850575
자세한 내용을 알아보려면 edchda <NUM> USER.com을 통해 즉시 저에게 연락해 주세요.,0,0.045907255,True,0.045907255,0.9540928
모든 쇼핑 중독자들에게 전화해 스펜서가 3월 사이에 무사히 지내도록 해라 3월 3일 선택 라인에서 남은 일수 tc,1,0.046005275,True,0.9539947,0.046005275
TONES2U 2 이 텍스트에 대한 매주 새로운 톤 응답으로 귀하의 폰을 멋지게 꾸미고 싶습니다. <URL> 원본 n 최고. Tones 3GBP 네트워크 사업자 요금이 적용됩니다.,0,0.046167742,True,0.046167742,0.9538323
Telenor RC로 GB RS 충전 유효 기간이 포함된 GB 데이터를 받으세요. 지금 서둘러 재충전하거나 전화를 걸어 오늘 유효한 이 제안을 이용하세요.,0,0.04665267,True,0.04665267,0.9533473
친애하는 소비자 귀하의 전월 청구서가 업데이트되지 않아 밤 9시 30분에 전기 사무실에서 전력 공급이 중단됩니다. 즉시 전기 담당관 XXXXXXXXXX에게 연락하십시오.,0,0.046665207,True,0.046665207,0.95333475
XX-XX-XXXX 오후 X시에 판매일 웹 세미나,0,0.046833213,True,0.046833213,0.9531667
기간 한정으로 허블 크림 오일을 사용한 전신 마사지를 제공합니다. 카일라쉬 콜로니 지하철역 근처 카일라쉬 동쪽의 크리스탈 샤인에서만 RS를 이용하실 수 있습니다.,1,0.04686953,True,0.9531305,0.04686953
balujasbill 금액으로 방문해 주셔서 감사합니다. 로열티 포인트를 적립하셨습니다. 새로운 스톡으로 교환하실 수 있습니다. 총 포인트는 TC 적용됩니다.,0,0.04686983,True,0.04686983,0.9531301
좋은 소식을 지금 실시간으로 확인하세요. 인도 최고의 분석을 통한 위치 추천 실시간 재고 업데이트 SIR MR BHASEEN 지금 가입하세요 <URL> bhasinkehaasin,0,0.04702449,True,0.04702449,0.9529755
피터 잉글랜드 공화국의 날 메가 제안이 여기 있습니다. 선택 의류에 대해 1월 3일부터 1월 3일까지 유효한 겨울 의류를 완벽하게 할인받으려면 선택 해제 전화를 하세요.,0,0.04763799,True,0.04763799,0.95236194
lacr에서 시작하는 bhk 고급 아파트카낙푸라 도로에 위치 자세한 내용은 prestigercall을 통해 사전 출시 제공,0,0.04805101,True,0.04805101,0.951949
청구서 지불 돈 벌기보다폰 청구서 지불에서 최대 rsmn까지 캐시백 받기 보다폰 전기 충전가스 청구서 지불 mpesa에서 dth 재충전 서둘러,1,0.04832503,True,0.951675,0.04832503
"친애하는 SBI 사용자 여러분, PAN 카드 재업데이트를 위한 KYC가 불완전하여 귀하의 SBI YONO 계정이 오늘 차단됩니다.",0,0.04833481,True,0.04833481,0.9516652
이 SMS를 보여주면 추가 할인을 받을 수 있습니다. 추가 할인은 없습니다. 추가 할인은 오늘까지만 이탈리아 쇼룸의 독점 gadoni에서 진행됩니다. sec panchkula ph,0,0.04836852,True,0.04836852,0.9516315
이제 새로운 클럽 Mahindra 멤버십에 가입하면 최신 Samsung Sedge를 무료로 받거나 tc까지 colombosms cm에서 전액 지불된 N 크루즈 여행을 즐길 수 있습니다.,0,0.04842957,True,0.04842957,0.9515704
첫 번째 안경테 구입은 당사 부담입니다. 렌즈 비용만 지불하면 완전한 안경을 구입하실 수 있습니다. RS 지금 쇼핑하세요 wwwlenskartcom,0,0.048465464,True,0.048465464,0.95153457
RingIN Tone - Football World Cup Song 은 < >번을 누르세요,1,0.048612744,True,0.9513873,0.048612744
현금 <MONEY> 또는 상금 <MONEY> 을 획득하셨습니다! 청구하려면 전화 <PHONE>,0,0.048644256,True,0.048644256,0.95135576
지금 althan chaar에서 지하철 도매 rasta surat cokepepsifanta 구매 느슨한 설탕 rskg ltr 서리 방지 냉장고 rs에서 aprtc까지,1,0.048848182,True,0.9511518,0.048848182
Update_Now - 12개월 반값 오렌지 라인 대여: 400분... <PHONE> 로 MobileUpd8에 전화하거나 call2optout J5Q,0,0.048875015,True,0.048875015,0.9511249
다음은 코로나바이러스 질병 회복에 도움이 될 수 있는 몇 가지 음식 팁입니다! 자세한 내용을 보려면 다음 링크를 클릭하세요: __URL_0__,0,0.04887923,True,0.04887923,0.95112085
만료된 자동차 보험을 가지고 운전하는 것은 불법입니다. 법을 준수하는 시민이 되시고 Reliance Self i 앱을 통해 보험을 갱신하세요 <URL> Reliance General Ins,0,0.049299274,True,0.049299274,0.95070076
코로나19 제한 사항 및 코로나바이러스로부터 자신을 보호하는 방법에 관한 새로운 영상 커뮤니케이션을 발표했습니다: __URL_0__,1,0.049335733,True,0.9506642,0.049335733
"오렌지에서 안녕하세요. 게임, 뉴스, 스포츠, 무료 문자 10개, 사진 메시지 20개를 1개월 동안 무료로 이용하려면 예 라고 답하세요. 약관 적용: <URL>",0,0.049614266,True,0.049614266,0.9503857
트럼프 대통령은 자유주의 마피아 가짜 뉴스 매체에 맞서 그와 함께 서달라고 요청할 것입니다. 다음 10분 안에 대통령의 대답에 공식적으로 동의할 것입니다.,1,0.04961637,True,0.95038366,0.04961637
이번 주말에 kashivishwanath mandir 근처의 현대적인 시설을 갖춘 sai shukan을 갖춘 도시 지역 전용 프로젝트를 방문하고 특별 제안을 받으십시오. bhk lacs bhk lacs방문 전화,0,0.05022363,True,0.05022363,0.94977635
하루 20 PKR에 100 스포츠를 구독하고 독점 인터뷰에 무제한으로 접속하여 좋아하는 스포츠에 대한 최신 소식을 받아보세요! <URL>,0,0.050236065,True,0.050236065,0.94976395
"안녕하세요, 카말라 야다브. 특별 제안으로 전화해 주셔서 감사합니다. 지금 무료 전화를 구독하려면 스타와 대화하세요.",0,0.050483897,True,0.050483897,0.94951606
"Airtel FM을 통해 Clint, Pablo 등의 코미디를 감상하며 갈비뼈를 깨뜨려 보세요. 170번을 누르고 I를 누르시면 됩니다! 코미디 채널용. 비용은 분당 <MONEY> /-입니다.",1,0.050540067,True,0.94945997,0.050540067
벨소리 클럽: Gr8의 새로운 폴리가 매주 모바일로 직접 전송됩니다!,1,0.050549217,True,0.94945073,0.050549217
max는 새로운 겨울 컬렉션을 선보입니다. 모든 의류를 사용해 보세요. 통화를 거부하려면 rstnc 지출 시 상환 가능한 rs의 gv를 받으세요.,0,0.05096861,True,0.05096861,0.9490314
귀하의 소포가 발송인에게 반송됩니다. 24시간 내에 배송 기본 설정을 관리할 수 있습니다 <URL>,0,0.05102739,True,0.05102739,0.9489725
Haha okay okay (: my house cannot see any! Ohh no I have to reach schearly tmr T.T,0,0.05108231,True,0.05108231,0.9489177
공지 사항 Annette Bysterveld 귀하의 XXXXX Woolworths XXXX 포인트가 곧 만료됩니다. 포인트를 지출하십시오. X Fifth Ave <URL> 보내십시오.,0,0.051191512,True,0.051191512,0.94880843
귀하의 지역에 새로운 날짜가 있습니다. 귀하의 지역에 많은 새로운 사람들이 등록되었습니다. 지금 시작하려면 DATE에 답장하세요. 18만 <URL> REPLYS150,0,0.051429395,True,0.051429395,0.94857055
아름다움은 곧 더 많은 보상을 받을 것입니다. 비교할 수 없는 혜택 비교할 수 없는 경험과 더 큰 보상이 여러분에게 다가올 것입니다. 더 많은 것을 지켜봐 주시기 바랍니다.,0,0.05153761,True,0.05153761,0.94846237
<URL> 대한 크레딧이 충전되었습니다. 갱신 핀은 tgxxrz입니다.,0,0.051559914,True,0.051559914,0.9484401
네트워크 운영자. 서비스는 무료입니다. T C를 확인하려면 <NUM> .biz를 방문하세요.,0,0.05182822,True,0.05182822,0.94817185
aircel은 귀하를 비하르 로밍 요금으로 환영합니다. pmin local og pmin std og rs min local sms p std sms p 팩을 구독한 경우 할인된 요금이 문의 통화에 적용됩니다.,0,0.051904954,True,0.051904954,0.948095
AT T 무료 메시지 8월 청구서 처리 감사합니다. Manoj 여기 당신을 위한 작은 공짜가 있습니다. n5cmn.info/w3SdMjFfy3,0,0.051972426,True,0.051972426,0.9480276
SMS 서비스. 포괄적인 텍스트 크레딧을 받으려면 <URL> 이동하세요. login STOP으로 구독을 취소하세요. 추가 비용 없음. 도움말: <PHONE> . PO BOX420. IP4 5WE,0,0.0521998,True,0.0521998,0.9478002
좋은 소식 !! 베스트셀러가 돌아왔습니다. 지금 쇼핑하기: <URL> 구독 취소를 위해 3627에서 reg 를 전송하세요.,0,0.052304365,True,0.052304365,0.9476957
지금 아니면 절대 슈퍼테크 최고의 제안 이미 살고 있는 가족에게 bhk에 대한 지불 RS lacs를 예약하세요 꿈의 집 한정 유닛 왼쪽 ph,0,0.052533858,True,0.052533858,0.9474661
앞으로 24시간 이내에 신호음을 받게 됩니다. 이용 약관은 Channel U Teletext Pg 750을 참조하세요.,1,0.053216297,True,0.9467837,0.053216297
앞으로 24시간 이내에 신호음을 받게 됩니다. 이용 약관은 Channel U Teletext Pg 750을 참조하세요.,1,0.053216297,True,0.9467837,0.053216297
하이힐 te nachche kar gayi chull jabra 팬 soch naake jaise 최신 airtel hellotunecall 무료 icc 월드컵 t 경기 스코어콜,0,0.05323391,True,0.05323391,0.9467661
gtg.너희들과 즐거운 대화를 나누었다.우리가 친구가 되기를 바라.sms 알았지? <PHONE> .안녕,0,0.053316906,True,0.053316906,0.9466831
평화로운 집이나 공부에 집중합니다. JOB의 긴장감이나 하루 종일 게으름. 모든 문제에 대한 답은 단 하나입니다. VASTU.Get VASTU Tips.sms VASTU to <NUM>,1,0.053460527,True,0.9465395,0.053460527
잘못된 요청입니다. 기존 서비스를 비활성화하려면 STOP이라고 답장해 주세요.,0,0.05346729,True,0.05346729,0.94653267
SMS. ac Blind Date 4U!: Rodds1은 영국 애버딘에서 21/m 떨어져 있습니다. <URL> SMS를 확인해 보세요. ac/W/icmb3cktz8r7!-4 소개팅 없음 숨기기,0,0.053499322,True,0.053499322,0.94650066
애플 알림. 귀하의 Apple iCloud ID가 오늘 만료됩니다. 삭제를 방지하려면 로그인하세요. <URL>,0,0.05361517,True,0.05361517,0.9463848
친애하는 회원은 rs의 청구서 가격으로 구매하고 kg의 통곡물 바스마티 쌀을 일요일에만 완전 무료 제공tc 신청하세요,0,0.05370067,True,0.05370067,0.9462994
nikhaar 축제 10월 11일 종료 jwlry의 dia 무게와 동일한 dia 가격 할인 jwlry grm coin free tc,1,0.053966865,True,0.9460331,0.053966865
"EtoosIndia 귀하의 회사 가입 서한은 8,000/일 <URL> XXXXXXXXXXXX 방문자 전화를 받을 수 있습니다.",0,0.054118108,True,0.054118108,0.94588184
12월만! 모바일을 11개월 이상 사용하셨나요? 최신 컬러 카메라 모바일을 무료로 업데이트할 수 있습니다! <PHONE> 번으로 모바일 업데이트 VCo를 무료로 전화하세요.,0,0.05418354,True,0.05418354,0.94581646
엄마들이 신선한 의류에 대해 다양한 제품을 최대 할인된 가격으로 제공하고 jan tc에서 유효한 캐시백을 받을 수 있는 놀라운 할인 혜택을 누리세요.,1,0.054225232,True,0.9457748,0.054225232
이번 여름 행복한 여성의 날 슈퍼푸드 트루웨이트로 건강하게 지방을 태워보세요 무료 샘플 키트로 기분전환하세요 서둘러 tc에 전화하세요,0,0.054245386,True,0.054245386,0.94575465
2003년 27일에 귀하의 B4U 바우처는 MARSMS입니다. 할인 크레딧을 받으려면 <URL> 로그인하세요. 답장을 선택 해제하려면 중지하세요. 고객 관리 전화 <PHONE>,0,0.054299682,True,0.054299682,0.94570035
indvspak 인도로 점수를 충전하세요. 예를 들어 코드로 인도에서 올바른 제안이 있다면 캐쉬백을 받으세요. 던질 때까지만 유효합니다. httpbitlykwikind tca,1,0.054351836,True,0.94564813,0.054351836
무료 메시지 3월 요금을 지불하세요. 감사합니다. 작은 선물을 드립니다 yegkl8.com/EMYVSZ5UC5,0,0.054736115,True,0.054736115,0.94526386
무료 메시지 3월 요금을 지불하세요. 감사합니다. 작은 선물을 드립니다 yegkl8.com/EMYVSZ5UC5,0,0.054736115,True,0.054736115,0.94526386
투표해주셔서 감사합니다. 이제 모바일 노래방에서 스타들과 함께 노래해보세요. 무료 링크를 원하시면 지금 SING이라고 답장해 주세요.,0,0.054902617,True,0.054902617,0.9450974
kfc fiery fridays가 왔습니다. pc fiery grilled bucket을 구입하고 PC 무료 통화를 받거나 온라인으로 주문하세요. httpbitlykfcweb kfcdtc를 사용하세요,0,0.054974813,True,0.054974813,0.9450252
"tddnewsletter emc1.co.uk (TheDailyDraw의 추가 게임) Helen님께, 수십 개의 무료 게임 - 푸짐한 상품이 포함되어 있습니다..",1,0.05506021,True,0.94493973,0.05506021
"tddnewsletter emc1.co.uk (TheDailyDraw의 추가 게임) Helen님께, 수십 개의 무료 게임 - 푸짐한 상품이 포함되어 있습니다..",1,0.05506021,True,0.94493973,0.05506021
이 기회를 놓치지 마세요. 자전거와 금화를 획득할 기회가 매우 가까워졌습니다. 전화해서 자전거를 획득하세요. 서두르세요.,0,0.05551724,True,0.05551724,0.9444828
<NUM> 에서 <NUM> 손실된 3파운드 도움말,0,0.055621717,True,0.055621717,0.94437826
주말에 환호를 더하세요. RS 캐쉬백을 무료로 받으세요. aam aadmi pakwaan chalte firte momos는 북쪽 캠퍼스에서 앱을 사용합니다. bitlymgpapp 코드 du를 사용하세요.,0,0.05572454,True,0.05572454,0.94427544
무지개 무료로 한쪽 엠보싱 시트 x 또는 x 앨범을 처음부터 주문하는 경우 여전히 서비스가 채광창에서 계속됩니다.,0,0.056040507,True,0.056040507,0.9439595
HDFC Bank Virtual RM Bhupendra Mishra 고객님께 연락해 보세요. Summer Treats 제안으로 돌아왔습니다. 자세한 내용을 알아보려면 XXXXXXXXXXXX에서 RM과 연결하세요.,0,0.056117646,True,0.056117646,0.94388235
일찍 돌아올까봐 걱정하지 마세요. 나만의 독서를 해보세요. 원하는 시간을 모두 가져가세요 알겠죠? 저녁 식사 후에는 생산적인 시간을 보내세요! 사랑.,1,0.056342468,True,0.9436576,0.056342468
회사를 기다리는 사람들과 연락해 보는 것은 어떨까요? 선택하려면 이름과 나이를 문자 메시지로 보내주세요! 커뮤니티를 즐겨보세요(150p/SMS),0,0.056519307,True,0.056519307,0.94348073
오후 6시까지 도착 Okji Fruit Sli가 포함된 패키지 .. AmzAgent <PHONE> 4 PIN XXXX와 함께 이동 중입니다. 오후 6시까지 배송됩니다 <URL>,1,0.056714993,True,0.943285,0.056714993
모바일 장치 관리 Ã ÂÂ 홈 광대역 관리 Ã ÂÂ 사용량 확인 및 청구서 지불 Ã ÂÂ 매장에서 저렴한 가격 받기 Ã ÂÂ 업그레이드 옵션 보기,0,0.056922685,True,0.056922685,0.9430773
thesmszone.com을 사용하면 익명 및 마스크된 메시지를 무료로 보낼 수 있습니다..이 메시지는 거기에서 보내는 것입니다..남용 가능성이 있다고 보시나요???,0,0.057479803,True,0.057479803,0.9425202
귀하의 계정은 INR 100.00만큼 성공적으로 재충전되었습니다. . 귀하의 KeralaCircle 선불 계정 잔액은 Rs.101.00입니다. . 귀하의 거래 ID는 KR 3567입니다.,0,0.05755377,True,0.05755377,0.9424462
최고의 산크란티 전체 통화 시간은 rsrs 통화 시간 일 rsrs 통화 시간 일 rsrs 통화 시간 일 지금 에어텔 소매점에 문의하세요,0,0.05783335,True,0.05783335,0.9421666
충전 휴대폰 번호가 유효한 형식이 아닙니다. gprs 링크를 다운로드하고 재충전 시 매월 무료 충전을 받으세요. SMS 요금 저장,0,0.057871208,True,0.057871208,0.9421288
서두르세요도미노 제안을 사용하기 위한 마지막 날 피자를 타세요전화 주문온라인모바일 도미노코인 cpn crmdf vld martc까지,1,0.058028568,True,0.9419714,0.058028568
24시간 이내에 KYC 업데이트로 인해 발신 전화 서비스가 중단됩니다. 고객 관리 센터에 문의하세요.,0,0.0584318,True,0.0584318,0.9415682
추신: 제가 마지막 메시지에 답장하지 않았다는 걸 깨달았습니다! 하하 아니 라 취소하면 맞다고 할게요!,1,0.058874086,True,0.94112587,0.058874086
Cotton Culture의 새로운 Kurtis 정장 세트 레깅스 BT KURTIS 14/03/2019 무료 배송 간편한 반품,0,0.058892097,True,0.058892097,0.9411079
Cotton Culture의 새로운 Kurtis 정장 세트 레깅스 BT KURTIS 14/03/2019 무료 배송 간편한 반품,0,0.058892097,True,0.058892097,0.9411079
친구 가족과 함께 파티를 보고 싶었나요 도미노위에서 내리세요전화 주문온라인모바일 도미노코인 cpn crmdba vldjantc,1,0.058904354,True,0.9410957,0.058904354
청구되지 않은 자산 - 경고 우리의 기록 쇼 266.77이 gombzs.com/ <PHONE> pajgakio에게 빚진 것일 수 있습니다,0,0.059130896,True,0.059130896,0.9408691
aircel 금요일 세일이 돌아왔습니다. 전화를 걸어 재충전하여 최고의 제안을 알아보세요. 이제 오늘만 유효합니다. tc Apply,0,0.059552353,True,0.059552353,0.9404477
우리는 비디오 모바일 750분 무제한 텍스트 무료 캠코더에 대한 우리의 SMS에 대한 답장으로 당신에게 전화를 걸었습니다. 지금 전화 회신 <PHONE>,0,0.059812482,True,0.059812482,0.9401875
이번 주 트리플 에코 벨소리를 곧 받게 됩니다. 즐겨보세요!,1,0.059883744,True,0.9401162,0.059883744
EASTENDERS TV 퀴즈. DOT는 자신을 어떤 꽃에 비유하나요? D 바이올렛 E 튤립 F LILY txt D E 또는 F에서 <NUM> 지금 4번의 기회 2 승리 ?100 현금 WKENT/150P16,1,0.05995098,True,0.940049,0.05995098
수요일을 즐겨보세요 bazaarbigbazaar horlicks 표준 kg 구매 mrp 선택 바스마티 쌀 kg 구매 rs용 프리샵 인덕션 베이스 구매 kadai rs tc,1,0.060112614,True,0.9398874,0.060112614
당신에 대한 나의 소원은 단지 내년에만 국한되지 않고 당신이 일생과 환생에서 경험하는 모든 해에 재미로 가득 찬 스매싱 락킹과 해프닝이 있기를 바랍니다.,1,0.06027047,True,0.9397295,0.06027047
"kurtas kurtas 오, 너무 많은 kurtas 이전보다 더 달콤한 가격으로 완벽한 스타일을 오늘 즐겨 찾기 지금 쇼핑하세요limeroadmeqtyo",1,0.06045928,True,0.93954074,0.06045928
원하시면 Walmart에서 설정해 드릴 수 있습니다. 원하시면 Comcast와 통화 중입니다 btw,0,0.060559556,True,0.060559556,0.9394405
kqv609mf79 USER.edu.vn 내 보지를 엿먹이고 내 육즙이 많은 보지를 빨아라 <URL> naxz,1,0.06065157,True,0.93934846,0.06065157
삼성에서 <MONEY> 을 받았습니다. 주소를 이메일로 보내주세요,1,0.06072073,True,0.93927926,0.06072073
드디어 여름이 왔습니다! 해당 지역의 섹시한 싱글들과 대화를 나누거나 추파를 던지고 싶으십니까? MATCHED를 받으려면 지금 SUMMER라고 답장해 주세요. 무료 2 가입. OptOut txt 도움말 <PHONE> 중지,0,0.06079863,True,0.06079863,0.9392013
"친애하는 PAY2TM 고객님께, 귀하의 pa2ytm K2YC는 off2ice pH XXXXXXXXXX에서 즉시 정지되었습니다. 귀하의 계정은 24시간 이내에 차단됩니다. 감사합니다 PAY2TM TEAM",0,0.0608644,True,0.0608644,0.9391356
안녕하세요 에이미입니다. 며칠 후에 무료 전화번호를 보내드리겠습니다. 이 전화번호를 통해 모든 성인 파티에 접속하실 수 있습니다...,1,0.06114444,True,0.9388556,0.06114444
당신만을 위해 엄선된 신나는 특가로 3월을 즐겨보세요. 우버를 통해 찬디가르 전역의 특별 혜택을 잠금 해제하세요. 최고의 아울렛 세부 정보 tubercomchdmarch uberchd,0,0.061157458,True,0.061157458,0.93884254
Norton 제품 정보 사용 기간이 자동 갱신되었습니다.,1,0.061582945,True,0.9384171,0.061582945
친애하는 고객 여러분의 ATM 카드가 일시적으로 차단되었습니다. 활성화하려면 새로운 규정에 따라 업데이트하지 않았기 때문입니다. 미국 XXXXXXXX에 전화하세요.,0,0.06189237,True,0.06189237,0.9381076
귀하는 현금 1000 또는 상금 2000를 받도록 특별히 선정된 우승자입니다. <PHONE> 9am-7pm으로 전화를 요청하려면 실시간 교환원에게 문의하세요. 비용 10p,0,0.0622575,True,0.0622575,0.9377425
귀하는 현금 1000 또는 상금 2000를 받도록 특별히 선정된 우승자입니다. <PHONE> 9am-7pm으로 전화를 요청하려면 실시간 교환원에게 문의하세요. 비용 10p,0,0.0622575,True,0.0622575,0.9377425
백신 접종을 증명하는 코로나 패스를 수락하세요. 참조 번호는 XXXXXX입니다. <URL> 방문하세요.,1,0.06254282,True,0.9374572,0.06254282
Bulland의 Wn BHK는 gaur 타운십을 향상시킵니다. nda ext spcl week ffer만 lacs는 모두 무료 주차 포함club possno mid call e,0,0.06341209,True,0.06341209,0.9365879
"친애하는 고객님, 8월 1일에는 남은 음식과 신선한 향을 구입하고 lajpat kamla rajouri 매장은 오후부터 영업합니다.",1,0.06349934,True,0.9365006,0.06349934
XCLUSIVE CLUBSAISAI 2MOROW 28/5 SOIREE SPECIALE ZOUK with NICHOLS FROM PARIS.FREE ROSES 2 ALL LADIES !!! 정보: <PHONE> / <PHONE>,1,0.06355494,True,0.936445,0.06355494
XCLUSIVE CLUBSAISAI 2MOROW 28/5 SOIREE SPECIALE ZOUK with NICHOLS FROM PARIS.FREE ROSES 2 ALL LADIES !!! 정보: <PHONE> / <PHONE>,1,0.06355494,True,0.936445,0.06355494
XCLUSIVE CLUBSAISAI 2MOROW 28/5 SOIREE SPECIALE ZOUK with NICHOLS FROM PARIS.FREE ROSES 2 ALL LADIES !!! 정보: <PHONE> / <PHONE>,1,0.06355494,True,0.936445,0.06355494
Rs21 이상의 잔액을 유지하고 30 50 75 100 111 222 333 충전 시 즉시 8 추가 통화 시간을 받으세요. 서둘러 한정 혜택을 받으세요. T C가 적용됩니다.,1,0.063648716,True,0.93635124,0.063648716
즐거운 주말 보내세요 bigbazaar horlicks 표준 kg 구매 mrp 선택 바스마티 쌀 kg 구매 rs용 freeshop 인덕션 베이스 구매 kadai rs tc,1,0.06368408,True,0.93631595,0.06368408
"Airbnb: Kenneth, 이미지가 전송됨",1,0.06373081,True,0.9362692,0.06373081
집에 아무도 없으면 안전하게 맡길 수 있는 장소를 찾아보겠습니다. Pillow Tal에서 보낸 소포를 오늘 오세요. 집에 서명할 사람이 없으면 지역 우체국으로 가져가겠습니다. 수취인이 연락할 수 없기 때문에 패키지 LK <NUM> AU가 보류 중입니다. 다시 배달해 주세요. <URL>,1,0.06384236,True,0.93615764,0.06384236
sarees lehengas 정장에 엄청난 할인이 적용됩니다. 지금 Craftsvilla 앱 mdealcotmjcmtgmze에서 더 많은 상점을 만나보세요,1,0.063863344,True,0.9361366,0.063863344
특별 여행 제안항공편 예약 시 캐시백 할인 한 번의 클릭으로 payzapp으로 스마트 구매Androidios 사용자에게 유효다운로드앱payzappintc,0,0.064010814,True,0.064010814,0.93598914
실제로는 코피 루왁(Kopi Luwak)이라고 합니다. 그들은 이상한 유형의 고양이에게 커피 원두를 먹이고 그것이 나오면 그것을 만듭니다.,1,0.06421003,True,0.93578994,0.06421003
Dorothy kiefer.com (Bank of Granite가 Strong-Buy를 발행함) 우리 회원들을 위한 폭발적인 선택 300 이상 상승 Nasdaq Symbol CDGT 그것은 <MONEY> .00입니다..,1,0.06427277,True,0.9357273,0.06427277
Dorothy kiefer.com (Bank of Granite가 Strong-Buy를 발행함) 우리 회원들을 위한 폭발적인 선택 300 이상 상승 Nasdaq Symbol CDGT 그것은 <MONEY> .00입니다..,1,0.06427277,True,0.9357273,0.06427277
이제 좋아하는 TV 연재물을 Aircel Popkorn에서만 시청할 수 있는 Sony Zoom 및 더 많은 콘텐츠를 놓치지 마세요. 딸깍 하는 소리:,1,0.06467698,True,0.935323,0.06467698
RS 충전을 위해 더 많은 무료 인터넷을 이용하고 빠른 충전을 위해 며칠 동안 MB 데이터를 즐기세요. 지금 myvodafone 앱을 다운로드하세요 wwwvodafoneinmvvf,0,0.06471996,True,0.06471996,0.93528
당신이 들어오기 전까지 인생이 이렇게 즐겁고 좋았던 적은 없었습니다. 당신은 저에게 정말 특별한 삶을 선사해 주었습니다. 나는 당신을 잊지 않을 것입니다! 1GBP/SMS를 즐기세요,0,0.064725414,True,0.064725414,0.9352746
판매 - 무기고 다트판. 상태는 양호하지만 더블이나 트레블은 없습니다!,1,0.06477098,True,0.93522906,0.06477098
판매 - 무기고 다트판. 상태는 양호하지만 더블이나 트레블은 없습니다!,1,0.06477098,True,0.93522906,0.06477098
귀하는 jee mains 웹 wwwiaebhopaleduin 전화를 기반으로 인도 중앙 정부의 승인을 받은 항공기 유지 관리 담당자로 선정되었습니다.,0,0.06477636,True,0.06477636,0.93522364
blackberrys 멋진 겨울 세일 최대 오프 주소 nigar Cinema ambala cantt phno 근처 nichloson road,0,0.06484991,True,0.06484991,0.93515015
"가시타 님, 밤늦게까지 귀찮게 해서 죄송합니다. 니힐이 바로 전화해 달라고 했습니다. 우리는 이미 저녁에 주문을 했습니다. 어제 처리할 수 있었던 저장 공간을 마련하기 위해 기다리고 있었습니다. 다시 한 번 진심으로 사과드립니다. kartik harisinghaney bistro",1,0.06508913,True,0.93491095,0.06508913
지금 특별 제안을 통해 며칠 동안 RS 가격으로 1GB의 GG 모바일 인터넷을 즐기거나 지금 바로 Airtel 소매점을 방문하세요.,1,0.0652179,True,0.9347821,0.0652179
죄송합니다. 2021년 11월 16일에 배송을 시도하고 있습니다. 재배송 날짜를 예약하고 재배송 결제를 진행해주세요.,0,0.065372184,True,0.065372184,0.93462783
아마리 타이 멤버십을 보유한 타이 테라피스트와 함께하는 모든 신체 마사지 이용 가능cgrd 위성 제공 자세한 내용은 전화로 문의하세요,0,0.0655383,True,0.0655383,0.93446165
bsnl이 일요일에 spl 제안을 시작했다는 걸 아시나요? 일요일에 충전하세요 RS의 가치에 대해 이야기를 나눠보세요. 충전하고 주말을 축하할 수 있어요,0,0.06579004,True,0.06579004,0.9342099
무료 MSG:실수로 단축 코드 <NUM> 를 사용하여 귀하의 휴대전화 번호로 요금이 청구되었습니다. 요금을 환불받으려면 <PHONE> 으로 전화하세요. 이 통화는 BT 유선 전화에서는 무료입니다.,0,0.06583806,True,0.06583806,0.93416196
친애하는 납세자 sars는 귀하의 즉각적인 참석을 요구하는 요구서를 발행했습니다.,1,0.06600953,True,0.9339904,0.06600953
우리는 새로운 Nokia 폰 및 캠코더 제안에 대한 귀하의 응답으로 귀하에게 연락하려고 했습니다. 답장을 누르거나 배송을 위해 <PHONE> 로 전화하십시오.,0,0.06613306,True,0.06613306,0.9338669
"다시 구매하시겠습니까? 홈 7 플러스에 도달하세요. Nw, sembawang mrt에서",1,0.06640041,True,0.9335996,0.06640041
(Bank of Granite 발행 적극 매수) 우리 회원을 위한 폭발적인 선택 300 이상 상승 Nasdaq Symbol CDGT ..,1,0.06645757,True,0.93354243,0.06645757
"친애하는 PAY2TM 고객님께, 귀하의 pa2ytm K2YC는 즉시 off2ice pH XXXXXXXXXX에서 정지됩니다. 귀하의 계정은 24시간 이내에 차단됩니다. 감사합니다 PAY2TM TEAM",0,0.06672249,True,0.06672249,0.9332775
Club Nokia와 함께 환상적인 Nokia N-Gage 게임 데크를 검토하고 유지하려면 2 <URL> 이동하세요. 알림 구독 취소는 OUT이라는 단어로 답장하세요.,0,0.066878565,True,0.066878565,0.93312144
"모바일 계약이 11개월이었나요? 최신 Motorola, Nokia 등 모두 무료입니다! 주황색 관세에 대한 이중 분 및 텍스트. TEXT 콜백의 경우 예, 기록에서 제거하려면 아니요",0,0.06696852,True,0.06696852,0.9330315
PREMIER에서 중요한 고객 서비스 공지가 있습니다.,0,0.067058854,True,0.067058854,0.9329412
dailymotion.com에 그런 기능이 있는 것 같아요. kpop.com에서 링크를 받았어요 ㅎㅎ,0,0.06715243,True,0.06715243,0.9328475
중요한 소식 4 U: MY HEART 4SALE < > 할인 모든 여성 친구(< >년)에게 알려주세요. 마지막 날짜: < > 2월 < > BOOKING OPEN..,1,0.06717911,True,0.93282086,0.06717911
친애하는 고객 여러분의 데이터 잔액이 MB 다이얼 미만이므로 특별 데이터 재충전 혜택을 확인하실 수 있습니다.,0,0.06731281,True,0.06731281,0.93268716
<PHONE> 으로 전화하고 지금 사무실에서 진행되는 매우 더러운 라이브 채팅을 들어보세요. 완전한 개인정보 보호 아무도 귀하의 [원문]을 모릅니다. 청취 60P 최소 24/7MP <PHONE> 18,0,0.06732727,True,0.06732727,0.93267274
fferrchrgrcpseclocal mobile daysrchrgrcplocal ii days오늘까지 유효한 제안 혜택은 무료 수신자 부담으로 적립됩니다.,0,0.06739638,True,0.06739638,0.9326036
요리의 날 특별 행사가 없습니다. 특별한 식사 경험을 위해 가족을 모으세요. 코드 hny를 사용하고 오늘 추가 할인을 받으세요. httpnrbuyhnysms를 확인하세요.,0,0.06765008,True,0.06765008,0.93235
귀하는 우승자입니다. 귀하는 특별히 선정되었습니다. 2명은 현금 1000를 받거나 4 휴가(항공편 포함)를 받고 실시간 교환원과 통화합니다. 2명은 <PHONE> 10p/분을 청구합니다. (18 ),0,0.06803105,True,0.06803105,0.931969
자동차를 시운전하고 수술을 받은 사촌을 방문합니다. 일요일 오전이나 정오에만 무료입니다.,0,0.068272464,True,0.068272464,0.9317276
분RS 유효 기간을 충전하여 보다폰 번호로 현지 통화 시간을 확인하세요. 최고의 제안을 알아보려면 주 다이얼을 이용하세요.,0,0.06895616,True,0.06895616,0.9310438
2월에 집으로 이사하세요 lodha palava citydombivali e kalyanshil phata rd ac apts lacs 이후부터 discnt lacs 무료 사이트 방문 ph,0,0.06929813,True,0.06929813,0.9307019
경고데이터 팩이 하루 안에 만료됩니다. 데이터 제공 다이얼 이미 충전된 경우 무시슈퍼 데이터 제공 더 많은 에어텔 앱 다운로드 bitlymyapp,0,0.069718465,True,0.069718465,0.9302815
woopwin.com에서 최대 XX개의 무료 스핀을 받으세요,0,0.069742285,True,0.069742285,0.9302577
<PHONE> - Rodger Burns - MSG 무료 Nokia 모바일 무료 캠코더에 대한 SMS에 대한 답변으로 귀하에게 전화를 걸었습니다. 내일 배송을 원하시면 지금 <PHONE> 로 전화주세요,0,0.06996104,True,0.06996104,0.9300389
07XXXXXXXXX에 대한 귀하의 2004년 계정에는 786개의 사용되지 않은 포인트가 표시됩니다. 청구하려면 <PHONE> 로 전화하세요. 식별 코드: XXXXX 2005년 3월 26일 만료,0,0.06996538,True,0.06996538,0.9300346
"Update_Now - 크리스마스 제안! 최신 Motorola, SonyEricsson, Nokia 및 무료 Bluetooth! 주황색에서는 이중 분 및 1000 Txt. <PHONE> 로 MobileUpd8에 전화하거나 call2optout/F4Q 로 전화하세요.",0,0.07003837,True,0.07003837,0.9299616
안녕하세요 janasya 블루 인조 시폰 사리가 배송되었습니다. 더 많은 혜택을 보려면 snapdeal 다운로드 앱에서 쇼핑해 주셔서 감사합니다 httpbitlyhwq,0,0.07014559,True,0.07014559,0.9298544
"친애하는 WHATSAPP 사용자 여러분, 귀하의 모바일 기기는 진행 중인 WHATSAPP AWARD 2018에서 RS 4.CRORE 8OLAKH를 획득했습니다. 청구를 위해 이름을 보내십시오. customercare USER-rbi.org에 모바일 연령을 추가하세요",0,0.07027448,True,0.07027448,0.92972547
"안녕하세요, 저와 함께 하이킹에 참여하세요. 유일한 인도 메시징 앱입니다. 각각 최대 MB까지 문서 ppts mps를 보내세요. 지금 다운로드하세요. httphikein",0,0.070463434,True,0.070463434,0.9295365
"크리슈나 드위베디 님, 안녕하세요. 특별 제안으로 전화해 주셔서 감사합니다. 지금 구독하려면 크리켓 점수가 무료입니다.",0,0.070705995,True,0.070705995,0.92929405
비디오 모바일 750분 무제한 텍스트 무료 캠코더를 위한 SMS에 대한 답장으로 귀하에게 전화를 걸었습니다. 회신 또는 지금 전화하세요 <PHONE> Del Thurs,0,0.071068466,True,0.071068466,0.9289315
현재 T-Mobile 단말기를 무료로 갱신하거나 업그레이드하려면 Amanda에게 전화하세요. 오늘부터 혜택이 종료됩니다. T와 C에 따라 전화 0845 021 3680,0,0.071361445,True,0.071361445,0.92863864
당신은 그것을 믿지 않을 것이지만 그것은 사실입니다. 믿을 수 없는 텍스트입니다! 당신의 마음을 사로잡을 정말 놀라운 것들을 배우려면 지금 G에 답장하세요. O2FWD에서만 18p/txt,0,0.071408354,True,0.071408354,0.9285916
